date,year,change_democrats,change_republicans,pre_democrats,pre_republicans,sample1,Immigration,ForeignPolicy,AbortionRights,incumbent_democrat,aggressive_words_d,aggressive_words_r,discriminatory_words_d,discriminatory_words_r,inflammatory_words_d,inflammatory_words_r,aggressive_words,inflammatory_words,discriminatory_words,debate_date
2008-10-07,2008,-1.0,-1.0,47.0,40.0,,1,1,1,0.0,50.0,56.0,0.0,0.0,12.0,18.0,106.0,30.0,0.0,2008-10-07
2008-10-07,2008,6.0,2.0,46.0,39.0,,1,1,1,0.0,50.0,56.0,0.0,0.0,12.0,18.0,106.0,30.0,0.0,2008-10-07
2008-10-07,2008,-4.0,0.0,52.0,41.0,838.0,1,1,1,0.0,50.0,56.0,0.0,0.0,12.0,18.0,106.0,30.0,0.0,2008-10-07
2008-10-07,2008,3.0,0.0,48.0,41.0,,1,1,1,0.0,50.0,56.0,0.0,0.0,12.0,18.0,106.0,30.0,0.0,2008-10-07
2008-10-07,2008,-1.0,4.0,51.0,41.0,3000.0,1,1,1,0.0,50.0,56.0,0.0,0.0,12.0,18.0,106.0,30.0,0.0,2008-10-07
2008-10-07,2008,-2.0,-2.0,50.0,45.0,1200.0,1,1,1,0.0,50.0,56.0,0.0,0.0,12.0,18.0,106.0,30.0,0.0,2008-10-07
2008-10-07,2008,3.0,0.0,48.0,43.0,800.0,1,1,1,0.0,50.0,56.0,0.0,0.0,12.0,18.0,106.0,30.0,0.0,2008-10-07
2008-10-07,2008,2.0,0.0,51.0,43.0,766.0,1,1,1,0.0,50.0,56.0,0.0,0.0,12.0,18.0,106.0,30.0,0.0,2008-10-07
2008-10-07,2008,2.0,0.0,51.0,43.0,766.0,1,1,1,0.0,50.0,56.0,0.0,0.0,12.0,18.0,106.0,30.0,0.0,2008-10-07
2008-10-07,2008,-3.0,3.0,53.0,43.0,761.0,1,1,1,0.0,50.0,56.0,0.0,0.0,12.0,18.0,106.0,30.0,0.0,2008-10-07
2008-10-07,2008,1.0,-4.0,50.0,46.0,1000.0,1,1,1,0.0,50.0,56.0,0.0,0.0,12.0,18.0,106.0,30.0,0.0,2008-10-07
2008-10-07,2008,-2.0,0.0,51.0,42.0,1191.0,1,1,1,0.0,50.0,56.0,0.0,0.0,12.0,18.0,106.0,30.0,0.0,2008-10-07
2008-10-07,2008,3.0,3.0,49.0,42.0,1030.0,1,1,1,0.0,50.0,56.0,0.0,0.0,12.0,18.0,106.0,30.0,0.0,2008-10-07
2008-10-07,2008,-4.0,-6.0,52.0,45.0,,1,1,1,0.0,50.0,56.0,0.0,0.0,12.0,18.0,106.0,30.0,0.0,2008-10-07
2008-10-07,2008,0.0,3.0,48.0,39.0,829.0,1,1,1,0.0,50.0,56.0,0.0,0.0,12.0,18.0,106.0,30.0,0.0,2008-10-07
2008-10-07,2008,1.0,1.0,48.0,42.0,1208.0,1,1,1,0.0,50.0,56.0,0.0,0.0,12.0,18.0,106.0,30.0,0.0,2008-10-07
2008-10-07,2008,-4.0,-1.0,49.0,43.0,884.0,1,1,1,0.0,50.0,56.0,0.0,0.0,12.0,18.0,106.0,30.0,0.0,2008-10-07
2008-10-07,2008,8.0,1.0,45.0,42.0,2289.0,1,1,1,0.0,50.0,56.0,0.0,0.0,12.0,18.0,106.0,30.0,0.0,2008-10-07
2008-10-07,2008,-3.0,-2.0,53.0,43.0,1030.0,1,1,1,0.0,50.0,56.0,0.0,0.0,12.0,18.0,106.0,30.0,0.0,2008-10-07
2008-10-07,2008,1.0,4.0,50.0,41.0,2140.0,1,1,1,0.0,50.0,56.0,0.0,0.0,12.0,18.0,106.0,30.0,0.0,2008-10-07
2008-10-07,2008,2.0,-6.0,51.0,45.0,699.0,1,1,1,0.0,50.0,56.0,0.0,0.0,12.0,18.0,106.0,30.0,0.0,2008-10-07
2008-10-07,2008,0.0,1.0,53.0,39.0,800.0,1,1,1,0.0,50.0,56.0,0.0,0.0,12.0,18.0,106.0,30.0,0.0,2008-10-07
2008-10-07,2008,-3.0,5.0,53.0,40.0,3000.0,1,1,1,0.0,50.0,56.0,0.0,0.0,12.0,18.0,106.0,30.0,0.0,2008-10-07
2008-10-15,2008,1.0,-1.0,50.0,45.0,2277.0,1,0,0,0.0,54.0,70.0,2.0,0.0,24.0,18.0,124.0,42.0,2.0,2008-10-15
2008-10-07,2008,1.0,-1.0,50.0,45.0,2277.0,1,1,1,0.0,50.0,56.0,0.0,0.0,12.0,18.0,106.0,30.0,0.0,2008-10-07
2008-10-07,2008,-4.0,-2.0,51.0,44.0,1072.0,1,1,1,0.0,50.0,56.0,0.0,0.0,12.0,18.0,106.0,30.0,0.0,2008-10-07
2008-10-15,2008,-4.0,-2.0,51.0,44.0,1072.0,1,0,0,0.0,54.0,70.0,2.0,0.0,24.0,18.0,124.0,42.0,2.0,2008-10-15
2008-10-15,2008,2.0,4.0,47.0,42.0,2590.0,1,0,0,0.0,54.0,70.0,2.0,0.0,24.0,18.0,124.0,42.0,2.0,2008-10-15
2008-10-07,2008,2.0,4.0,47.0,42.0,2590.0,1,1,1,0.0,50.0,56.0,0.0,0.0,12.0,18.0,106.0,30.0,0.0,2008-10-07
2008-10-15,2008,2.0,-1.0,49.0,46.0,3000.0,1,0,0,0.0,54.0,70.0,2.0,0.0,24.0,18.0,124.0,42.0,2.0,2008-10-15
2008-10-07,2008,2.0,-1.0,49.0,46.0,3000.0,1,1,1,0.0,50.0,56.0,0.0,0.0,12.0,18.0,106.0,30.0,0.0,2008-10-07
2008-10-07,2008,-3.0,0.0,51.0,45.0,1211.0,1,1,1,0.0,50.0,56.0,0.0,0.0,12.0,18.0,106.0,30.0,0.0,2008-10-07
2008-10-15,2008,-3.0,0.0,51.0,45.0,1211.0,1,0,0,0.0,54.0,70.0,2.0,0.0,24.0,18.0,124.0,42.0,2.0,2008-10-15
2008-10-07,2008,0.0,-4.0,48.0,45.0,785.0,1,1,1,0.0,50.0,56.0,0.0,0.0,12.0,18.0,106.0,30.0,0.0,2008-10-07
2008-10-15,2008,0.0,-4.0,48.0,45.0,785.0,1,0,0,0.0,54.0,70.0,2.0,0.0,24.0,18.0,124.0,42.0,2.0,2008-10-15
2008-10-07,2008,5.0,-2.0,48.0,41.0,2382.0,1,1,1,0.0,50.0,56.0,0.0,0.0,12.0,18.0,106.0,30.0,0.0,2008-10-07
2008-10-15,2008,5.0,-2.0,48.0,41.0,2382.0,1,0,0,0.0,54.0,70.0,2.0,0.0,24.0,18.0,124.0,42.0,2.0,2008-10-15
2008-10-15,2008,-4.0,6.0,53.0,39.0,1000.0,1,0,0,0.0,54.0,70.0,2.0,0.0,24.0,18.0,124.0,42.0,2.0,2008-10-15
2008-10-07,2008,-4.0,6.0,53.0,39.0,1000.0,1,1,1,0.0,50.0,56.0,0.0,0.0,12.0,18.0,106.0,30.0,0.0,2008-10-07
2008-10-15,2008,1.0,0.0,49.0,45.0,,1,0,0,0.0,54.0,70.0,2.0,0.0,24.0,18.0,124.0,42.0,2.0,2008-10-15
2008-10-07,2008,1.0,0.0,49.0,45.0,,1,1,1,0.0,50.0,56.0,0.0,0.0,12.0,18.0,106.0,30.0,0.0,2008-10-07
2008-10-15,2008,0.0,1.0,50.0,45.0,1000.0,1,0,0,0.0,54.0,70.0,2.0,0.0,24.0,18.0,124.0,42.0,2.0,2008-10-15
2008-10-07,2008,0.0,1.0,50.0,45.0,1000.0,1,1,1,0.0,50.0,56.0,0.0,0.0,12.0,18.0,106.0,30.0,0.0,2008-10-07
2008-10-07,2008,1.0,0.0,50.0,46.0,764.0,1,1,1,0.0,50.0,56.0,0.0,0.0,12.0,18.0,106.0,30.0,0.0,2008-10-07
2008-10-15,2008,1.0,0.0,50.0,46.0,764.0,1,0,0,0.0,54.0,70.0,2.0,0.0,24.0,18.0,124.0,42.0,2.0,2008-10-15
2008-10-15,2008,-1.0,-4.0,51.0,46.0,773.0,1,0,0,0.0,54.0,70.0,2.0,0.0,24.0,18.0,124.0,42.0,2.0,2008-10-15
2008-10-07,2008,-1.0,-4.0,51.0,46.0,773.0,1,1,1,0.0,50.0,56.0,0.0,0.0,12.0,18.0,106.0,30.0,0.0,2008-10-07
2008-10-15,2008,2.0,0.0,50.0,42.0,,1,0,0,0.0,54.0,70.0,2.0,0.0,24.0,18.0,124.0,42.0,2.0,2008-10-15
2008-10-07,2008,2.0,0.0,50.0,42.0,,1,1,1,0.0,50.0,56.0,0.0,0.0,12.0,18.0,106.0,30.0,0.0,2008-10-07
2008-10-07,2008,-8.0,1.0,52.0,42.0,800.0,1,1,1,0.0,50.0,56.0,0.0,0.0,12.0,18.0,106.0,30.0,0.0,2008-10-07
2008-10-15,2008,-8.0,1.0,52.0,42.0,800.0,1,0,0,0.0,54.0,70.0,2.0,0.0,24.0,18.0,124.0,42.0,2.0,2008-10-15
2008-10-15,2008,5.0,-3.0,44.0,43.0,936.0,1,0,0,0.0,54.0,70.0,2.0,0.0,24.0,18.0,124.0,42.0,2.0,2008-10-15
2008-10-07,2008,5.0,-3.0,44.0,43.0,936.0,1,1,1,0.0,50.0,56.0,0.0,0.0,12.0,18.0,106.0,30.0,0.0,2008-10-07
2008-10-15,2008,5.0,-3.0,44.0,43.0,936.0,1,0,0,0.0,54.0,70.0,2.0,0.0,24.0,18.0,124.0,42.0,2.0,2008-10-15
2008-10-07,2008,5.0,-3.0,44.0,43.0,936.0,1,1,1,0.0,50.0,56.0,0.0,0.0,12.0,18.0,106.0,30.0,0.0,2008-10-07
2008-10-15,2008,3.0,0.0,49.0,40.0,1206.0,1,0,0,0.0,54.0,70.0,2.0,0.0,24.0,18.0,124.0,42.0,2.0,2008-10-15
2008-10-07,2008,3.0,0.0,49.0,40.0,1206.0,1,1,1,0.0,50.0,56.0,0.0,0.0,12.0,18.0,106.0,30.0,0.0,2008-10-07
2008-10-07,2008,-4.0,3.0,52.0,40.0,769.0,1,1,1,0.0,50.0,56.0,0.0,0.0,12.0,18.0,106.0,30.0,0.0,2008-10-07
2008-10-15,2008,-4.0,3.0,52.0,40.0,769.0,1,0,0,0.0,54.0,70.0,2.0,0.0,24.0,18.0,124.0,42.0,2.0,2008-10-15
2008-10-15,2008,4.0,-4.0,48.0,43.0,771.0,1,0,0,0.0,54.0,70.0,2.0,0.0,24.0,18.0,124.0,42.0,2.0,2008-10-15
2008-10-07,2008,4.0,-4.0,48.0,43.0,771.0,1,1,1,0.0,50.0,56.0,0.0,0.0,12.0,18.0,106.0,30.0,0.0,2008-10-07
2008-10-07,2008,-7.0,5.0,52.0,39.0,1060.0,1,1,1,0.0,50.0,56.0,0.0,0.0,12.0,18.0,106.0,30.0,0.0,2008-10-07
2008-10-15,2008,-7.0,5.0,52.0,39.0,1060.0,1,0,0,0.0,54.0,70.0,2.0,0.0,24.0,18.0,124.0,42.0,2.0,2008-10-15
2008-10-07,2008,-1.0,-8.0,45.0,44.0,,1,1,1,0.0,50.0,56.0,0.0,0.0,12.0,18.0,106.0,30.0,0.0,2008-10-07
2008-10-15,2008,-1.0,-8.0,45.0,44.0,,1,0,0,0.0,54.0,70.0,2.0,0.0,24.0,18.0,124.0,42.0,2.0,2008-10-15
2008-10-07,2008,5.0,9.0,44.0,36.0,1000.0,1,1,1,0.0,50.0,56.0,0.0,0.0,12.0,18.0,106.0,30.0,0.0,2008-10-07
2008-10-15,2008,5.0,9.0,44.0,36.0,1000.0,1,0,0,0.0,54.0,70.0,2.0,0.0,24.0,18.0,124.0,42.0,2.0,2008-10-15
2008-10-07,2008,2.0,0.0,49.0,45.0,2349.0,1,1,1,0.0,50.0,56.0,0.0,0.0,12.0,18.0,106.0,30.0,0.0,2008-10-07
2008-10-15,2008,2.0,0.0,49.0,45.0,2349.0,1,0,0,0.0,54.0,70.0,2.0,0.0,24.0,18.0,124.0,42.0,2.0,2008-10-15
2008-10-07,2008,-1.0,1.0,51.0,45.0,2399.0,1,1,1,0.0,50.0,56.0,0.0,0.0,12.0,18.0,106.0,30.0,0.0,2008-10-07
2008-10-15,2008,-1.0,1.0,51.0,45.0,2399.0,1,0,0,0.0,54.0,70.0,2.0,0.0,24.0,18.0,124.0,42.0,2.0,2008-10-15
2008-10-07,2008,4.0,-3.0,50.0,46.0,1335.0,1,1,1,0.0,50.0,56.0,0.0,0.0,12.0,18.0,106.0,30.0,0.0,2008-10-07
2008-10-15,2008,4.0,-3.0,50.0,46.0,1335.0,1,0,0,0.0,54.0,70.0,2.0,0.0,24.0,18.0,124.0,42.0,2.0,2008-10-15
2008-10-07,2008,-2.0,2.0,54.0,43.0,3000.0,1,1,1,0.0,50.0,56.0,0.0,0.0,12.0,18.0,106.0,30.0,0.0,2008-10-07
2008-10-15,2008,-2.0,2.0,54.0,43.0,3000.0,1,0,0,0.0,54.0,70.0,2.0,0.0,24.0,18.0,124.0,42.0,2.0,2008-10-15
2008-10-15,2008,1.0,-4.0,52.0,45.0,882.0,1,0,0,0.0,54.0,70.0,2.0,0.0,24.0,18.0,124.0,42.0,2.0,2008-10-15
2008-10-07,2008,1.0,-4.0,52.0,45.0,882.0,1,1,1,0.0,50.0,56.0,0.0,0.0,12.0,18.0,106.0,30.0,0.0,2008-10-07
2008-10-15,2008,1.0,-4.0,52.0,45.0,882.0,1,0,0,0.0,54.0,70.0,2.0,0.0,24.0,18.0,124.0,42.0,2.0,2008-10-15
2008-10-07,2008,1.0,-4.0,52.0,45.0,882.0,1,1,1,0.0,50.0,56.0,0.0,0.0,12.0,18.0,106.0,30.0,0.0,2008-10-07
2008-10-07,2008,-6.0,3.0,53.0,41.0,824.0,1,1,1,0.0,50.0,56.0,0.0,0.0,12.0,18.0,106.0,30.0,0.0,2008-10-07
2008-10-15,2008,-6.0,3.0,53.0,41.0,824.0,1,0,0,0.0,54.0,70.0,2.0,0.0,24.0,18.0,124.0,42.0,2.0,2008-10-15
2008-10-07,2008,6.0,-6.0,47.0,44.0,1198.0,1,1,1,0.0,50.0,56.0,0.0,0.0,12.0,18.0,106.0,30.0,0.0,2008-10-07
2008-10-15,2008,6.0,-6.0,47.0,44.0,1198.0,1,0,0,0.0,54.0,70.0,2.0,0.0,24.0,18.0,124.0,42.0,2.0,2008-10-15
2008-10-07,2008,-3.0,7.0,53.0,38.0,2446.0,1,1,1,0.0,50.0,56.0,0.0,0.0,12.0,18.0,106.0,30.0,0.0,2008-10-07
2008-10-15,2008,-3.0,7.0,53.0,38.0,2446.0,1,0,0,0.0,54.0,70.0,2.0,0.0,24.0,18.0,124.0,42.0,2.0,2008-10-15
2008-10-15,2008,-1.0,1.0,50.0,45.0,1000.0,1,0,0,0.0,54.0,70.0,2.0,0.0,24.0,18.0,124.0,42.0,2.0,2008-10-15
2008-10-07,2008,-1.0,1.0,50.0,45.0,1000.0,1,1,1,0.0,50.0,56.0,0.0,0.0,12.0,18.0,106.0,30.0,0.0,2008-10-07
2008-10-15,2008,1.0,-4.0,49.0,46.0,879.0,1,0,0,0.0,54.0,70.0,2.0,0.0,24.0,18.0,124.0,42.0,2.0,2008-10-15
2008-10-07,2008,1.0,-4.0,49.0,46.0,879.0,1,1,1,0.0,50.0,56.0,0.0,0.0,12.0,18.0,106.0,30.0,0.0,2008-10-07
2008-10-15,2008,2.0,3.0,50.0,42.0,1314.0,1,0,0,0.0,54.0,70.0,2.0,0.0,24.0,18.0,124.0,42.0,2.0,2008-10-15
2008-10-07,2008,2.0,3.0,50.0,42.0,1314.0,1,1,1,0.0,50.0,56.0,0.0,0.0,12.0,18.0,106.0,30.0,0.0,2008-10-07
2008-10-15,2008,-1.0,1.0,52.0,45.0,3000.0,1,0,0,0.0,54.0,70.0,2.0,0.0,24.0,18.0,124.0,42.0,2.0,2008-10-15
2008-10-07,2008,-1.0,1.0,52.0,45.0,3000.0,1,1,1,0.0,50.0,56.0,0.0,0.0,12.0,18.0,106.0,30.0,0.0,2008-10-07
2008-10-15,2008,2.0,-3.0,51.0,46.0,2343.0,1,0,0,0.0,54.0,70.0,2.0,0.0,24.0,18.0,124.0,42.0,2.0,2008-10-15
2008-10-07,2008,2.0,-3.0,51.0,46.0,2343.0,1,1,1,0.0,50.0,56.0,0.0,0.0,12.0,18.0,106.0,30.0,0.0,2008-10-07
2008-10-07,2008,-3.0,2.0,53.0,43.0,1203.0,1,1,1,0.0,50.0,56.0,0.0,0.0,12.0,18.0,106.0,30.0,0.0,2008-10-07
2008-10-15,2008,-3.0,2.0,53.0,43.0,1203.0,1,0,0,0.0,54.0,70.0,2.0,0.0,24.0,18.0,124.0,42.0,2.0,2008-10-15
2008-10-15,2008,0.0,0.0,50.0,45.0,831.0,1,0,0,0.0,54.0,70.0,2.0,0.0,24.0,18.0,124.0,42.0,2.0,2008-10-15
2008-10-07,2008,0.0,0.0,50.0,45.0,831.0,1,1,1,0.0,50.0,56.0,0.0,0.0,12.0,18.0,106.0,30.0,0.0,2008-10-07
2008-10-07,2008,0.0,0.0,50.0,45.0,831.0,1,1,1,0.0,50.0,56.0,0.0,0.0,12.0,18.0,106.0,30.0,0.0,2008-10-07
2008-10-15,2008,0.0,0.0,50.0,45.0,831.0,1,0,0,0.0,54.0,70.0,2.0,0.0,24.0,18.0,124.0,42.0,2.0,2008-10-15
2008-10-15,2008,0.0,-2.0,50.0,45.0,543.0,1,0,0,0.0,54.0,70.0,2.0,0.0,24.0,18.0,124.0,42.0,2.0,2008-10-15
2008-10-15,2008,-7.0,0.0,50.0,43.0,,1,0,0,0.0,54.0,70.0,2.0,0.0,24.0,18.0,124.0,42.0,2.0,2008-10-15
2008-10-15,2008,4.0,1.0,43.0,43.0,924.0,1,0,0,0.0,54.0,70.0,2.0,0.0,24.0,18.0,124.0,42.0,2.0,2008-10-15
2008-10-15,2008,5.0,-3.0,47.0,44.0,1005.0,1,0,0,0.0,54.0,70.0,2.0,0.0,24.0,18.0,124.0,42.0,2.0,2008-10-15
2008-10-15,2008,0.0,5.0,52.0,41.0,2587.0,1,0,0,0.0,54.0,70.0,2.0,0.0,24.0,18.0,124.0,42.0,2.0,2008-10-15
2008-10-15,2008,-1.0,-3.0,52.0,46.0,2503.0,1,0,0,0.0,54.0,70.0,2.0,0.0,24.0,18.0,124.0,42.0,2.0,2008-10-15
2008-10-15,2008,2.0,3.0,51.0,43.0,714.0,1,0,0,0.0,54.0,70.0,2.0,0.0,24.0,18.0,124.0,42.0,2.0,2008-10-15
2008-10-15,2008,-1.0,-3.0,53.0,46.0,2475.0,1,0,0,0.0,54.0,70.0,2.0,0.0,24.0,18.0,124.0,42.0,2.0,2008-10-15
2008-10-15,2008,1.0,1.0,52.0,43.0,2470.0,1,0,0,0.0,54.0,70.0,2.0,0.0,24.0,18.0,124.0,42.0,2.0,2008-10-15
2008-10-15,2008,-2.0,-1.0,53.0,44.0,1011.0,1,0,0,0.0,54.0,70.0,2.0,0.0,24.0,18.0,124.0,42.0,2.0,2008-10-15
2008-10-15,2008,-1.0,1.0,51.0,43.0,800.0,1,0,0,0.0,54.0,70.0,2.0,0.0,24.0,18.0,124.0,42.0,2.0,2008-10-15
2008-10-15,2008,5.0,0.0,50.0,44.0,2472.0,1,0,0,0.0,54.0,70.0,2.0,0.0,24.0,18.0,124.0,42.0,2.0,2008-10-15
2008-10-15,2008,-2.0,2.0,55.0,44.0,760.0,1,0,0,0.0,54.0,70.0,2.0,0.0,24.0,18.0,124.0,42.0,2.0,2008-10-15
2008-10-15,2008,-2.0,-4.0,53.0,46.0,714.0,1,0,0,0.0,54.0,70.0,2.0,0.0,24.0,18.0,124.0,42.0,2.0,2008-10-15
2008-10-15,2008,-1.0,1.0,51.0,42.0,971.0,1,0,0,0.0,54.0,70.0,2.0,0.0,24.0,18.0,124.0,42.0,2.0,2008-10-15
2008-10-15,2008,0.0,2.0,50.0,43.0,887.0,1,0,0,0.0,54.0,70.0,2.0,0.0,24.0,18.0,124.0,42.0,2.0,2008-10-15
2008-10-15,2008,2.0,1.0,50.0,45.0,3000.0,1,0,0,0.0,54.0,70.0,2.0,0.0,24.0,18.0,124.0,42.0,2.0,2008-10-15
2008-10-15,2008,0.0,1.0,52.0,46.0,800.0,1,0,0,0.0,54.0,70.0,2.0,0.0,24.0,18.0,124.0,42.0,2.0,2008-10-15
2008-10-15,2008,0.0,-4.0,52.0,47.0,804.0,1,0,0,0.0,54.0,70.0,2.0,0.0,24.0,18.0,124.0,42.0,2.0,2008-10-15
2008-10-15,2008,-2.0,5.0,52.0,43.0,800.0,1,0,0,0.0,54.0,70.0,2.0,0.0,24.0,18.0,124.0,42.0,2.0,2008-10-15
2008-10-15,2008,4.0,-5.0,50.0,48.0,1201.0,1,0,0,0.0,54.0,70.0,2.0,0.0,24.0,18.0,124.0,42.0,2.0,2008-10-15
2008-10-15,2008,-1.899999976158142,1.5,54.0,43.0,,1,0,0,0.0,54.0,70.0,2.0,0.0,24.0,18.0,124.0,42.0,2.0,2008-10-15
2008-10-15,2008,-0.09999847412109375,-0.5,52.099998474121094,44.5,981.0,1,0,0,0.0,54.0,70.0,2.0,0.0,24.0,18.0,124.0,42.0,2.0,2008-10-15
2012-10-03,2012,3.0,-3.0,46.0,48.0,3050.0,1,1,0,1.0,64.0,66.0,0.0,0.0,14.0,2.0,130.0,16.0,0.0,2012-10-03
2012-10-03,2012,0.0,2.0,49.0,45.0,1500.0,1,1,0,1.0,64.0,66.0,0.0,0.0,14.0,2.0,130.0,16.0,0.0,2012-10-03
2012-10-03,2012,-7.0,-1.0,49.0,47.0,2118.0,1,1,0,1.0,64.0,66.0,0.0,0.0,14.0,2.0,130.0,16.0,0.0,2012-10-03
2012-10-03,2012,7.0,2.0,42.0,46.0,1000.0,1,1,0,1.0,64.0,66.0,0.0,0.0,14.0,2.0,130.0,16.0,0.0,2012-10-03
2012-10-03,2012,-1.0,0.0,49.0,48.0,1901.0,1,1,0,1.0,64.0,66.0,0.0,0.0,14.0,2.0,130.0,16.0,0.0,2012-10-03
2012-10-03,2012,-1.0,1.0,48.0,48.0,1500.0,1,1,0,1.0,64.0,66.0,0.0,0.0,14.0,2.0,130.0,16.0,0.0,2012-10-03
2012-10-03,2012,-1.0,1.0,48.0,48.0,1500.0,1,1,0,1.0,64.0,66.0,0.0,0.0,14.0,2.0,130.0,16.0,0.0,2012-10-03
2012-10-03,2012,-2.0,0.0,47.0,49.0,1112.0,1,1,0,1.0,64.0,66.0,0.0,0.0,14.0,2.0,130.0,16.0,0.0,2012-10-03
2012-10-03,2012,0.0,-4.0,45.0,49.0,800.0,1,1,0,1.0,64.0,66.0,0.0,0.0,14.0,2.0,130.0,16.0,0.0,2012-10-03
2012-10-03,2012,0.0,1.0,45.0,45.0,1109.0,1,1,0,1.0,64.0,66.0,0.0,0.0,14.0,2.0,130.0,16.0,0.0,2012-10-03
2012-10-03,2012,-2.0,-5.0,45.0,46.0,1000.0,1,1,0,1.0,64.0,66.0,0.0,0.0,14.0,2.0,130.0,16.0,0.0,2012-10-03
2012-10-03,2012,4.0,7.0,43.0,41.0,2700.0,1,1,0,1.0,64.0,66.0,0.0,0.0,14.0,2.0,130.0,16.0,0.0,2012-10-03
2012-10-03,2012,1.0,-4.0,47.0,48.0,838.0,1,1,0,1.0,64.0,66.0,0.0,0.0,14.0,2.0,130.0,16.0,0.0,2012-10-03
2012-10-03,2012,-2.0,0.0,48.0,44.0,,1,1,0,1.0,64.0,66.0,0.0,0.0,14.0,2.0,130.0,16.0,0.0,2012-10-03
2012-10-03,2012,-1.0,1.0,46.0,44.0,700.0,1,1,0,1.0,64.0,66.0,0.0,0.0,14.0,2.0,130.0,16.0,0.0,2012-10-03
2012-10-03,2012,1.0,2.0,45.0,45.0,1360.0,1,1,0,1.0,64.0,66.0,0.0,0.0,14.0,2.0,130.0,16.0,0.0,2012-10-03
2012-10-03,2012,2.0,-1.0,46.0,47.0,3050.0,1,1,0,1.0,64.0,66.0,0.0,0.0,14.0,2.0,130.0,16.0,0.0,2012-10-03
2012-10-03,2012,1.0,2.0,48.0,46.0,1000.0,1,1,0,1.0,64.0,66.0,0.0,0.0,14.0,2.0,130.0,16.0,0.0,2012-10-03
2012-10-11,2012,1.0,2.0,48.0,46.0,1000.0,0,0,0,1.0,50.0,78.0,0.0,2.0,8.0,16.0,128.0,24.0,2.0,2012-10-11
2012-10-03,2012,1.0,2.0,48.0,46.0,1000.0,1,1,0,1.0,64.0,66.0,0.0,0.0,14.0,2.0,130.0,16.0,0.0,2012-10-03
2012-10-03,2012,0.0,-2.0,49.0,48.0,923.0,1,1,0,1.0,64.0,66.0,0.0,0.0,14.0,2.0,130.0,16.0,0.0,2012-10-03
2012-10-11,2012,0.0,-2.0,49.0,48.0,923.0,0,0,0,1.0,50.0,78.0,0.0,2.0,8.0,16.0,128.0,24.0,2.0,2012-10-11
2012-10-03,2012,0.0,-2.0,49.0,48.0,923.0,1,1,0,1.0,64.0,66.0,0.0,0.0,14.0,2.0,130.0,16.0,0.0,2012-10-03
2012-10-16,2012,-1.0,-1.0,49.0,46.0,1023.0,1,1,0,1.0,70.0,78.0,0.0,0.0,4.0,8.0,148.0,12.0,0.0,2012-10-16
2012-10-03,2012,-1.0,-1.0,49.0,46.0,1023.0,1,1,0,1.0,64.0,66.0,0.0,0.0,14.0,2.0,130.0,16.0,0.0,2012-10-03
2012-10-16,2012,-1.0,-1.0,49.0,46.0,1023.0,1,1,0,1.0,70.0,78.0,0.0,0.0,4.0,8.0,148.0,12.0,0.0,2012-10-16
2012-10-03,2012,-1.0,-1.0,49.0,46.0,1023.0,1,1,0,1.0,64.0,66.0,0.0,0.0,14.0,2.0,130.0,16.0,0.0,2012-10-03
2012-10-11,2012,-1.0,-1.0,49.0,46.0,1023.0,0,0,0,1.0,50.0,78.0,0.0,2.0,8.0,16.0,128.0,24.0,2.0,2012-10-11
2012-10-16,2012,0.0,0.0,48.0,45.0,1000.0,1,1,0,1.0,70.0,78.0,0.0,0.0,4.0,8.0,148.0,12.0,0.0,2012-10-16
2012-10-03,2012,0.0,0.0,48.0,45.0,1000.0,1,1,0,1.0,64.0,66.0,0.0,0.0,14.0,2.0,130.0,16.0,0.0,2012-10-03
2012-10-11,2012,0.0,0.0,48.0,45.0,1000.0,0,0,0,1.0,50.0,78.0,0.0,2.0,8.0,16.0,128.0,24.0,2.0,2012-10-11
2012-10-03,2012,-5.0,-3.0,48.0,45.0,1000.0,1,1,0,1.0,64.0,66.0,0.0,0.0,14.0,2.0,130.0,16.0,0.0,2012-10-03
2012-10-11,2012,-5.0,-3.0,48.0,45.0,1000.0,0,0,0,1.0,50.0,78.0,0.0,2.0,8.0,16.0,128.0,24.0,2.0,2012-10-11
2012-10-16,2012,-5.0,-3.0,48.0,45.0,1000.0,1,1,0,1.0,70.0,78.0,0.0,0.0,4.0,8.0,148.0,12.0,0.0,2012-10-16
2012-10-03,2012,2.0,3.0,43.0,42.0,1000.0,1,1,0,1.0,64.0,66.0,0.0,0.0,14.0,2.0,130.0,16.0,0.0,2012-10-03
2012-10-16,2012,2.0,3.0,43.0,42.0,1000.0,1,1,0,1.0,70.0,78.0,0.0,0.0,4.0,8.0,148.0,12.0,0.0,2012-10-16
2012-10-11,2012,2.0,3.0,43.0,42.0,1000.0,0,0,0,1.0,50.0,78.0,0.0,2.0,8.0,16.0,128.0,24.0,2.0,2012-10-11
2012-10-16,2012,2.0,4.0,45.0,45.0,1000.0,1,1,0,1.0,70.0,78.0,0.0,0.0,4.0,8.0,148.0,12.0,0.0,2012-10-16
2012-10-11,2012,2.0,4.0,45.0,45.0,1000.0,0,0,0,1.0,50.0,78.0,0.0,2.0,8.0,16.0,128.0,24.0,2.0,2012-10-11
2012-10-03,2012,2.0,4.0,45.0,45.0,1000.0,1,1,0,1.0,64.0,66.0,0.0,0.0,14.0,2.0,130.0,16.0,0.0,2012-10-03
2012-10-03,2012,1.0,-9.0,47.0,49.0,766.0,1,1,0,1.0,64.0,66.0,0.0,0.0,14.0,2.0,130.0,16.0,0.0,2012-10-03
2012-10-16,2012,1.0,-9.0,47.0,49.0,766.0,1,1,0,1.0,70.0,78.0,0.0,0.0,4.0,8.0,148.0,12.0,0.0,2012-10-16
2012-10-16,2012,1.0,-9.0,47.0,49.0,766.0,1,1,0,1.0,70.0,78.0,0.0,0.0,4.0,8.0,148.0,12.0,0.0,2012-10-16
2012-10-11,2012,1.0,-9.0,47.0,49.0,766.0,0,0,0,1.0,50.0,78.0,0.0,2.0,8.0,16.0,128.0,24.0,2.0,2012-10-11
2012-10-03,2012,1.0,-9.0,47.0,49.0,766.0,1,1,0,1.0,64.0,66.0,0.0,0.0,14.0,2.0,130.0,16.0,0.0,2012-10-03
2012-10-16,2012,-1.0,7.0,48.0,40.0,816.0,1,1,0,1.0,70.0,78.0,0.0,0.0,4.0,8.0,148.0,12.0,0.0,2012-10-16
2012-10-11,2012,-1.0,7.0,48.0,40.0,816.0,0,0,0,1.0,50.0,78.0,0.0,2.0,8.0,16.0,128.0,24.0,2.0,2012-10-11
2012-10-03,2012,-1.0,7.0,48.0,40.0,816.0,1,1,0,1.0,64.0,66.0,0.0,0.0,14.0,2.0,130.0,16.0,0.0,2012-10-03
2012-10-03,2012,1.0,-1.0,47.0,47.0,790.0,1,1,0,1.0,64.0,66.0,0.0,0.0,14.0,2.0,130.0,16.0,0.0,2012-10-03
2012-10-16,2012,1.0,-1.0,47.0,47.0,790.0,1,1,0,1.0,70.0,78.0,0.0,0.0,4.0,8.0,148.0,12.0,0.0,2012-10-16
2012-10-11,2012,1.0,-1.0,47.0,47.0,790.0,0,0,0,1.0,50.0,78.0,0.0,2.0,8.0,16.0,128.0,24.0,2.0,2012-10-11
2012-10-03,2012,2.0,1.0,48.0,46.0,800.0,1,1,0,1.0,64.0,66.0,0.0,0.0,14.0,2.0,130.0,16.0,0.0,2012-10-03
2012-10-16,2012,2.0,1.0,48.0,46.0,800.0,1,1,0,1.0,70.0,78.0,0.0,0.0,4.0,8.0,148.0,12.0,0.0,2012-10-16
2012-10-11,2012,2.0,1.0,48.0,46.0,800.0,0,0,0,1.0,50.0,78.0,0.0,2.0,8.0,16.0,128.0,24.0,2.0,2012-10-11
2012-10-16,2012,-5.0,1.0,50.0,47.0,1402.0,1,1,0,1.0,70.0,78.0,0.0,0.0,4.0,8.0,148.0,12.0,0.0,2012-10-16
2012-10-03,2012,-5.0,1.0,50.0,47.0,1402.0,1,1,0,1.0,64.0,66.0,0.0,0.0,14.0,2.0,130.0,16.0,0.0,2012-10-03
2012-10-03,2012,-5.0,1.0,50.0,47.0,1402.0,1,1,0,1.0,64.0,66.0,0.0,0.0,14.0,2.0,130.0,16.0,0.0,2012-10-03
2012-10-16,2012,-5.0,1.0,50.0,47.0,1402.0,1,1,0,1.0,70.0,78.0,0.0,0.0,4.0,8.0,148.0,12.0,0.0,2012-10-16
2012-10-11,2012,-5.0,1.0,50.0,47.0,1402.0,0,0,0,1.0,50.0,78.0,0.0,2.0,8.0,16.0,128.0,24.0,2.0,2012-10-11
2012-10-03,2012,0.0,-1.0,45.0,48.0,839.0,1,1,0,1.0,64.0,66.0,0.0,0.0,14.0,2.0,130.0,16.0,0.0,2012-10-03
2012-10-11,2012,0.0,-1.0,45.0,48.0,839.0,0,0,0,1.0,50.0,78.0,0.0,2.0,8.0,16.0,128.0,24.0,2.0,2012-10-11
2012-10-03,2012,0.0,-1.0,45.0,48.0,839.0,1,1,0,1.0,64.0,66.0,0.0,0.0,14.0,2.0,130.0,16.0,0.0,2012-10-03
2012-10-22,2012,0.0,-1.0,45.0,48.0,839.0,1,1,0,1.0,76.0,76.0,0.0,0.0,16.0,8.0,152.0,24.0,0.0,2012-10-22
2012-10-16,2012,0.0,-1.0,45.0,48.0,839.0,1,1,0,1.0,70.0,78.0,0.0,0.0,4.0,8.0,148.0,12.0,0.0,2012-10-16
2012-10-22,2012,0.0,-1.0,45.0,48.0,839.0,1,1,0,1.0,76.0,76.0,0.0,0.0,16.0,8.0,152.0,24.0,0.0,2012-10-22
2012-10-16,2012,0.0,-1.0,45.0,48.0,839.0,1,1,0,1.0,70.0,78.0,0.0,0.0,4.0,8.0,148.0,12.0,0.0,2012-10-16
2012-10-11,2012,4.0,1.0,45.0,47.0,1000.0,0,0,0,1.0,50.0,78.0,0.0,2.0,8.0,16.0,128.0,24.0,2.0,2012-10-11
2012-10-22,2012,4.0,1.0,45.0,47.0,1000.0,1,1,0,1.0,76.0,76.0,0.0,0.0,16.0,8.0,152.0,24.0,0.0,2012-10-22
2012-10-16,2012,4.0,1.0,45.0,47.0,1000.0,1,1,0,1.0,70.0,78.0,0.0,0.0,4.0,8.0,148.0,12.0,0.0,2012-10-16
2012-10-22,2012,-2.0,0.0,49.0,48.0,1000.0,1,1,0,1.0,76.0,76.0,0.0,0.0,16.0,8.0,152.0,24.0,0.0,2012-10-22
2012-10-16,2012,-2.0,0.0,49.0,48.0,1000.0,1,1,0,1.0,70.0,78.0,0.0,0.0,4.0,8.0,148.0,12.0,0.0,2012-10-16
2012-10-11,2012,-2.0,0.0,49.0,48.0,1000.0,0,0,0,1.0,50.0,78.0,0.0,2.0,8.0,16.0,128.0,24.0,2.0,2012-10-11
2012-10-22,2012,-5.0,-4.0,47.0,48.0,1000.0,1,1,0,1.0,76.0,76.0,0.0,0.0,16.0,8.0,152.0,24.0,0.0,2012-10-22
2012-10-11,2012,-5.0,-4.0,47.0,48.0,1000.0,0,0,0,1.0,50.0,78.0,0.0,2.0,8.0,16.0,128.0,24.0,2.0,2012-10-11
2012-10-16,2012,-5.0,-4.0,47.0,48.0,1000.0,1,1,0,1.0,70.0,78.0,0.0,0.0,4.0,8.0,148.0,12.0,0.0,2012-10-16
2012-10-16,2012,3.0,0.0,42.0,44.0,930.0,1,1,0,1.0,70.0,78.0,0.0,0.0,4.0,8.0,148.0,12.0,0.0,2012-10-16
2012-10-22,2012,3.0,0.0,42.0,44.0,930.0,1,1,0,1.0,76.0,76.0,0.0,0.0,16.0,8.0,152.0,24.0,0.0,2012-10-22
2012-10-11,2012,3.0,0.0,42.0,44.0,930.0,0,0,0,1.0,50.0,78.0,0.0,2.0,8.0,16.0,128.0,24.0,2.0,2012-10-11
2012-10-22,2012,2.0,3.0,45.0,44.0,908.0,1,1,0,1.0,76.0,76.0,0.0,0.0,16.0,8.0,152.0,24.0,0.0,2012-10-22
2012-10-16,2012,2.0,3.0,45.0,44.0,908.0,1,1,0,1.0,70.0,78.0,0.0,0.0,4.0,8.0,148.0,12.0,0.0,2012-10-16
2012-10-11,2012,2.0,3.0,45.0,44.0,908.0,0,0,0,1.0,50.0,78.0,0.0,2.0,8.0,16.0,128.0,24.0,2.0,2012-10-11
2012-10-22,2012,1.0,0.0,47.0,47.0,563.0,1,1,0,1.0,76.0,76.0,0.0,0.0,16.0,8.0,152.0,24.0,0.0,2012-10-22
2012-10-16,2012,1.0,0.0,47.0,47.0,563.0,1,1,0,1.0,70.0,78.0,0.0,0.0,4.0,8.0,148.0,12.0,0.0,2012-10-16
2012-10-11,2012,1.0,0.0,47.0,47.0,563.0,0,0,0,1.0,50.0,78.0,0.0,2.0,8.0,16.0,128.0,24.0,2.0,2012-10-11
2012-10-22,2012,2.0,-2.0,48.0,47.0,713.0,1,1,0,1.0,76.0,76.0,0.0,0.0,16.0,8.0,152.0,24.0,0.0,2012-10-22
2012-10-11,2012,2.0,-2.0,48.0,47.0,713.0,0,0,0,1.0,50.0,78.0,0.0,2.0,8.0,16.0,128.0,24.0,2.0,2012-10-11
2012-10-16,2012,2.0,-2.0,48.0,47.0,713.0,1,1,0,1.0,70.0,78.0,0.0,0.0,4.0,8.0,148.0,12.0,0.0,2012-10-16
2012-10-16,2012,-3.0,2.0,50.0,45.0,1495.0,1,1,0,1.0,70.0,78.0,0.0,0.0,4.0,8.0,148.0,12.0,0.0,2012-10-16
2012-10-11,2012,-3.0,2.0,50.0,45.0,1495.0,0,0,0,1.0,50.0,78.0,0.0,2.0,8.0,16.0,128.0,24.0,2.0,2012-10-11
2012-10-22,2012,-3.0,2.0,50.0,45.0,1495.0,1,1,0,1.0,76.0,76.0,0.0,0.0,16.0,8.0,152.0,24.0,0.0,2012-10-22
2012-10-22,2012,-1.0,-1.0,47.0,47.0,1128.0,1,1,0,1.0,76.0,76.0,0.0,0.0,16.0,8.0,152.0,24.0,0.0,2012-10-22
2012-10-11,2012,-1.0,-1.0,47.0,47.0,1128.0,0,0,0,1.0,50.0,78.0,0.0,2.0,8.0,16.0,128.0,24.0,2.0,2012-10-11
2012-10-16,2012,-1.0,-1.0,47.0,47.0,1128.0,1,1,0,1.0,70.0,78.0,0.0,0.0,4.0,8.0,148.0,12.0,0.0,2012-10-16
2012-10-16,2012,-1.0,4.0,46.0,46.0,921.0,1,1,0,1.0,70.0,78.0,0.0,0.0,4.0,8.0,148.0,12.0,0.0,2012-10-16
2012-10-22,2012,-1.0,4.0,46.0,46.0,921.0,1,1,0,1.0,76.0,76.0,0.0,0.0,16.0,8.0,152.0,24.0,0.0,2012-10-22
2012-10-11,2012,-1.0,4.0,46.0,46.0,921.0,0,0,0,1.0,50.0,78.0,0.0,2.0,8.0,16.0,128.0,24.0,2.0,2012-10-11
2012-10-11,2012,2.0,-8.0,45.0,50.0,2294.0,0,0,0,1.0,50.0,78.0,0.0,2.0,8.0,16.0,128.0,24.0,2.0,2012-10-11
2012-10-16,2012,2.0,-8.0,45.0,50.0,2294.0,1,1,0,1.0,70.0,78.0,0.0,0.0,4.0,8.0,148.0,12.0,0.0,2012-10-16
2012-10-16,2012,2.0,-8.0,45.0,50.0,2294.0,1,1,0,1.0,70.0,78.0,0.0,0.0,4.0,8.0,148.0,12.0,0.0,2012-10-16
2012-10-22,2012,2.0,-8.0,45.0,50.0,2294.0,1,1,0,1.0,76.0,76.0,0.0,0.0,16.0,8.0,152.0,24.0,0.0,2012-10-22
2012-10-22,2012,2.0,-8.0,45.0,50.0,2294.0,1,1,0,1.0,76.0,76.0,0.0,0.0,16.0,8.0,152.0,24.0,0.0,2012-10-22
2012-10-16,2012,1.0,6.0,47.0,42.0,1000.0,1,1,0,1.0,70.0,78.0,0.0,0.0,4.0,8.0,148.0,12.0,0.0,2012-10-16
2012-10-22,2012,1.0,6.0,47.0,42.0,1000.0,1,1,0,1.0,76.0,76.0,0.0,0.0,16.0,8.0,152.0,24.0,0.0,2012-10-22
2012-10-22,2012,1.0,6.0,47.0,42.0,1000.0,1,1,0,1.0,76.0,76.0,0.0,0.0,16.0,8.0,152.0,24.0,0.0,2012-10-22
2012-10-16,2012,1.0,6.0,47.0,42.0,1000.0,1,1,0,1.0,70.0,78.0,0.0,0.0,4.0,8.0,148.0,12.0,0.0,2012-10-16
2012-10-22,2012,-6.0,-7.0,48.0,48.0,1000.0,1,1,0,1.0,76.0,76.0,0.0,0.0,16.0,8.0,152.0,24.0,0.0,2012-10-22
2012-10-16,2012,-6.0,-7.0,48.0,48.0,1000.0,1,1,0,1.0,70.0,78.0,0.0,0.0,4.0,8.0,148.0,12.0,0.0,2012-10-16
2012-10-16,2012,-6.0,-7.0,48.0,48.0,1000.0,1,1,0,1.0,70.0,78.0,0.0,0.0,4.0,8.0,148.0,12.0,0.0,2012-10-16
2012-10-22,2012,-6.0,-7.0,48.0,48.0,1000.0,1,1,0,1.0,76.0,76.0,0.0,0.0,16.0,8.0,152.0,24.0,0.0,2012-10-22
2012-10-22,2012,8.0,6.0,42.0,41.0,2709.0,1,1,0,1.0,76.0,76.0,0.0,0.0,16.0,8.0,152.0,24.0,0.0,2012-10-22
2012-10-16,2012,8.0,6.0,42.0,41.0,2709.0,1,1,0,1.0,70.0,78.0,0.0,0.0,4.0,8.0,148.0,12.0,0.0,2012-10-16
2012-10-16,2012,-2.0,0.0,50.0,47.0,1475.0,1,1,0,1.0,70.0,78.0,0.0,0.0,4.0,8.0,148.0,12.0,0.0,2012-10-16
2012-10-22,2012,-2.0,0.0,50.0,47.0,1475.0,1,1,0,1.0,76.0,76.0,0.0,0.0,16.0,8.0,152.0,24.0,0.0,2012-10-22
2012-10-22,2012,-2.0,0.0,48.0,47.0,,1,1,0,1.0,76.0,76.0,0.0,0.0,16.0,8.0,152.0,24.0,0.0,2012-10-22
2012-10-16,2012,-2.0,0.0,48.0,47.0,,1,1,0,1.0,70.0,78.0,0.0,0.0,4.0,8.0,148.0,12.0,0.0,2012-10-16
2012-10-16,2012,-3.0,-3.0,46.0,47.0,937.0,1,1,0,1.0,70.0,78.0,0.0,0.0,4.0,8.0,148.0,12.0,0.0,2012-10-16
2012-10-22,2012,-3.0,-3.0,46.0,47.0,937.0,1,1,0,1.0,76.0,76.0,0.0,0.0,16.0,8.0,152.0,24.0,0.0,2012-10-22
2012-10-22,2012,6.0,6.0,43.0,44.0,2700.0,1,1,0,1.0,76.0,76.0,0.0,0.0,16.0,8.0,152.0,24.0,0.0,2012-10-22
2012-10-16,2012,6.0,6.0,43.0,44.0,2700.0,1,1,0,1.0,70.0,78.0,0.0,0.0,4.0,8.0,148.0,12.0,0.0,2012-10-16
2012-10-22,2012,-1.0,-2.0,49.0,50.0,1417.0,1,1,0,1.0,76.0,76.0,0.0,0.0,16.0,8.0,152.0,24.0,0.0,2012-10-22
2012-10-16,2012,-1.0,-2.0,49.0,50.0,1417.0,1,1,0,1.0,70.0,78.0,0.0,0.0,4.0,8.0,148.0,12.0,0.0,2012-10-16
2012-10-22,2012,2.0,-1.0,48.0,48.0,2345.0,1,1,0,1.0,76.0,76.0,0.0,0.0,16.0,8.0,152.0,24.0,0.0,2012-10-22
2012-10-16,2012,2.0,-1.0,48.0,48.0,2345.0,1,1,0,1.0,70.0,78.0,0.0,0.0,4.0,8.0,148.0,12.0,0.0,2012-10-16
2012-10-22,2012,-1.0,2.0,50.0,47.0,693.0,1,1,0,1.0,76.0,76.0,0.0,0.0,16.0,8.0,152.0,24.0,0.0,2012-10-22
2012-10-16,2012,-1.0,2.0,50.0,47.0,693.0,1,1,0,1.0,70.0,78.0,0.0,0.0,4.0,8.0,148.0,12.0,0.0,2012-10-16
2012-10-22,2012,-2.0,-2.0,49.0,49.0,1000.0,1,1,0,1.0,76.0,76.0,0.0,0.0,16.0,8.0,152.0,24.0,0.0,2012-10-22
2012-10-16,2012,-2.0,-2.0,49.0,49.0,1000.0,1,1,0,1.0,70.0,78.0,0.0,0.0,4.0,8.0,148.0,12.0,0.0,2012-10-16
2012-10-16,2012,1.0,2.0,47.0,47.0,1500.0,1,1,0,1.0,70.0,78.0,0.0,0.0,4.0,8.0,148.0,12.0,0.0,2012-10-16
2012-10-22,2012,1.0,2.0,47.0,47.0,1500.0,1,1,0,1.0,76.0,76.0,0.0,0.0,16.0,8.0,152.0,24.0,0.0,2012-10-22
2012-10-22,2012,1.0,-6.0,48.0,49.0,,1,1,0,1.0,76.0,76.0,0.0,0.0,16.0,8.0,152.0,24.0,0.0,2012-10-22
2012-10-16,2012,1.0,-6.0,48.0,49.0,,1,1,0,1.0,70.0,78.0,0.0,0.0,4.0,8.0,148.0,12.0,0.0,2012-10-16
2012-10-22,2012,-0.20000000298023224,5.099999904632568,49.0,43.0,,1,1,0,1.0,76.0,76.0,0.0,0.0,16.0,8.0,152.0,24.0,0.0,2012-10-22
2012-10-16,2012,-0.20000000298023224,5.099999904632568,49.0,43.0,,1,1,0,1.0,70.0,78.0,0.0,0.0,4.0,8.0,148.0,12.0,0.0,2012-10-16
2012-10-16,2012,1.2000007629394531,0.9000015258789062,48.79999923706055,48.099998474121094,712.0,1,1,0,1.0,70.0,78.0,0.0,0.0,4.0,8.0,148.0,12.0,0.0,2012-10-16
2012-10-22,2012,1.2000007629394531,0.9000015258789062,48.79999923706055,48.099998474121094,712.0,1,1,0,1.0,76.0,76.0,0.0,0.0,16.0,8.0,152.0,24.0,0.0,2012-10-22
2012-10-22,2012,-1.0,-6.0,50.0,49.0,1000.0,1,1,0,1.0,76.0,76.0,0.0,0.0,16.0,8.0,152.0,24.0,0.0,2012-10-22
2012-10-22,2012,-1.0,-6.0,50.0,49.0,1000.0,1,1,0,1.0,76.0,76.0,0.0,0.0,16.0,8.0,152.0,24.0,0.0,2012-10-22
2012-10-22,2012,-6.0,-1.0,49.0,43.0,1000.0,1,1,0,1.0,76.0,76.0,0.0,0.0,16.0,8.0,152.0,24.0,0.0,2012-10-22
2012-10-22,2012,5.0,2.0,43.0,42.0,872.0,1,1,0,1.0,76.0,76.0,0.0,0.0,16.0,8.0,152.0,24.0,0.0,2012-10-22
2016-09-26,2016,-7.0,-6.0,51.0,44.0,1041.0,1,0,0,1.0,70.0,92.0,0.0,2.0,12.0,42.0,162.0,54.0,2.0,2016-09-26
2016-09-26,2016,-1.0,8.0,44.0,38.0,2726.0,1,0,0,1.0,70.0,92.0,0.0,2.0,12.0,42.0,162.0,54.0,2.0,2016-09-26
2016-09-26,2016,7.0,4.0,43.0,46.0,3386.0,1,0,0,1.0,70.0,92.0,0.0,2.0,12.0,42.0,162.0,54.0,2.0,2016-09-26
2016-09-26,2016,7.0,4.0,43.0,46.0,3386.0,1,0,0,1.0,70.0,92.0,0.0,2.0,12.0,42.0,162.0,54.0,2.0,2016-09-26
2016-09-26,2016,-1.0,-5.0,50.0,50.0,933.0,1,0,0,1.0,70.0,92.0,0.0,2.0,12.0,42.0,162.0,54.0,2.0,2016-09-26
2016-09-26,2016,-1.0,-5.0,50.0,50.0,933.0,1,0,0,1.0,70.0,92.0,0.0,2.0,12.0,42.0,162.0,54.0,2.0,2016-09-26
2016-09-26,2016,0.0,-1.0,49.0,45.0,911.0,1,0,0,1.0,70.0,92.0,0.0,2.0,12.0,42.0,162.0,54.0,2.0,2016-09-26
2016-09-26,2016,0.0,-1.0,49.0,45.0,911.0,1,0,0,1.0,70.0,92.0,0.0,2.0,12.0,42.0,162.0,54.0,2.0,2016-09-26
2016-09-26,2016,-2.0,-3.0,49.0,44.0,609.0,1,0,0,1.0,70.0,92.0,0.0,2.0,12.0,42.0,162.0,54.0,2.0,2016-09-26
2016-09-26,2016,3.0,3.0,47.0,41.0,26925.0,1,0,0,1.0,70.0,92.0,0.0,2.0,12.0,42.0,162.0,54.0,2.0,2016-09-26
2016-09-26,2016,-1.0,-1.0,50.0,44.0,1217.0,1,0,0,1.0,70.0,92.0,0.0,2.0,12.0,42.0,162.0,54.0,2.0,2016-09-26
2016-09-26,2016,2.0,2.0,49.0,43.0,1213.0,1,0,0,1.0,70.0,92.0,0.0,2.0,12.0,42.0,162.0,54.0,2.0,2016-09-26
2016-09-26,2016,-7.0,-8.0,51.0,45.0,1239.0,1,0,0,1.0,70.0,92.0,0.0,2.0,12.0,42.0,162.0,54.0,2.0,2016-09-26
2016-09-26,2016,4.0,6.0,44.0,37.0,911.0,1,0,0,1.0,70.0,92.0,0.0,2.0,12.0,42.0,162.0,54.0,2.0,2016-09-26
2016-09-26,2016,-5.0,4.0,48.0,43.0,2275.0,1,0,0,1.0,70.0,92.0,0.0,2.0,12.0,42.0,162.0,54.0,2.0,2016-09-26
2016-09-26,2016,1.0,-3.0,43.0,47.0,1338.0,1,0,0,1.0,70.0,92.0,0.0,2.0,12.0,42.0,162.0,54.0,2.0,2016-09-26
2016-09-26,2016,1.0,-3.0,43.0,47.0,1338.0,1,0,0,1.0,70.0,92.0,0.0,2.0,12.0,42.0,162.0,54.0,2.0,2016-09-26
2016-10-04,2016,1.0,-3.0,43.0,47.0,1338.0,0,0,0,1.0,72.0,78.0,8.0,2.0,30.0,30.0,150.0,60.0,10.0,2016-10-04
2016-10-04,2016,6.0,0.0,44.0,44.0,1064.0,0,0,0,1.0,72.0,78.0,8.0,2.0,30.0,30.0,150.0,60.0,10.0,2016-10-04
2016-09-26,2016,6.0,0.0,44.0,44.0,1064.0,1,0,0,1.0,70.0,92.0,0.0,2.0,12.0,42.0,162.0,54.0,2.0,2016-09-26
2016-10-04,2016,-2.0,0.0,50.0,44.0,896.0,0,0,0,1.0,72.0,78.0,8.0,2.0,30.0,30.0,150.0,60.0,10.0,2016-10-04
2016-09-26,2016,-2.0,0.0,50.0,44.0,896.0,1,0,0,1.0,70.0,92.0,0.0,2.0,12.0,42.0,162.0,54.0,2.0,2016-09-26
2016-09-26,2016,0.0,-1.0,48.0,44.0,971.0,1,0,0,1.0,70.0,92.0,0.0,2.0,12.0,42.0,162.0,54.0,2.0,2016-09-26
2016-09-26,2016,0.0,-1.0,48.0,44.0,971.0,1,0,0,1.0,70.0,92.0,0.0,2.0,12.0,42.0,162.0,54.0,2.0,2016-09-26
2016-10-04,2016,0.0,-1.0,48.0,44.0,971.0,0,0,0,1.0,72.0,78.0,8.0,2.0,30.0,30.0,150.0,60.0,10.0,2016-10-04
2016-10-09,2016,3.0,1.0,48.0,43.0,23329.0,1,0,0,1.0,54.0,92.0,2.0,4.0,10.0,76.0,146.0,86.0,6.0,2016-10-09
2016-09-26,2016,3.0,1.0,48.0,43.0,23329.0,1,0,0,1.0,70.0,92.0,0.0,2.0,12.0,42.0,162.0,54.0,2.0,2016-09-26
2016-10-04,2016,3.0,1.0,48.0,43.0,23329.0,0,0,0,1.0,72.0,78.0,8.0,2.0,30.0,30.0,150.0,60.0,10.0,2016-10-04
2016-09-26,2016,-2.0,-6.0,51.0,44.0,886.0,1,0,0,1.0,70.0,92.0,0.0,2.0,12.0,42.0,162.0,54.0,2.0,2016-09-26
2016-10-04,2016,-2.0,-6.0,51.0,44.0,886.0,0,0,0,1.0,72.0,78.0,8.0,2.0,30.0,30.0,150.0,60.0,10.0,2016-10-04
2016-10-09,2016,-2.0,-6.0,51.0,44.0,886.0,1,0,0,1.0,54.0,92.0,2.0,4.0,10.0,76.0,146.0,86.0,6.0,2016-10-09
2016-10-09,2016,3.0,0.0,49.0,38.0,447.0,1,0,0,1.0,54.0,92.0,2.0,4.0,10.0,76.0,146.0,86.0,6.0,2016-10-09
2016-09-26,2016,3.0,0.0,49.0,38.0,447.0,1,0,0,1.0,70.0,92.0,0.0,2.0,12.0,42.0,162.0,54.0,2.0,2016-09-26
2016-10-04,2016,3.0,0.0,49.0,38.0,447.0,0,0,0,1.0,72.0,78.0,8.0,2.0,30.0,30.0,150.0,60.0,10.0,2016-10-04
2016-09-26,2016,-8.0,-1.0,52.0,38.0,2363.0,1,0,0,1.0,70.0,92.0,0.0,2.0,12.0,42.0,162.0,54.0,2.0,2016-09-26
2016-10-09,2016,-8.0,-1.0,52.0,38.0,2363.0,1,0,0,1.0,54.0,92.0,2.0,4.0,10.0,76.0,146.0,86.0,6.0,2016-10-09
2016-10-04,2016,-8.0,-1.0,52.0,38.0,2363.0,0,0,0,1.0,72.0,78.0,8.0,2.0,30.0,30.0,150.0,60.0,10.0,2016-10-04
2016-10-04,2016,6.0,3.0,44.0,37.0,806.0,0,0,0,1.0,72.0,78.0,8.0,2.0,30.0,30.0,150.0,60.0,10.0,2016-10-04
2016-09-26,2016,6.0,3.0,44.0,37.0,806.0,1,0,0,1.0,70.0,92.0,0.0,2.0,12.0,42.0,162.0,54.0,2.0,2016-09-26
2016-10-09,2016,6.0,3.0,44.0,37.0,806.0,1,0,0,1.0,54.0,92.0,2.0,4.0,10.0,76.0,146.0,86.0,6.0,2016-10-09
2016-09-26,2016,-7.0,5.0,50.0,40.0,2969.0,1,0,0,1.0,70.0,92.0,0.0,2.0,12.0,42.0,162.0,54.0,2.0,2016-09-26
2016-10-04,2016,-7.0,5.0,50.0,40.0,2969.0,0,0,0,1.0,72.0,78.0,8.0,2.0,30.0,30.0,150.0,60.0,10.0,2016-10-04
2016-10-09,2016,-7.0,5.0,50.0,40.0,2969.0,1,0,0,1.0,54.0,92.0,2.0,4.0,10.0,76.0,146.0,86.0,6.0,2016-10-09
2016-10-09,2016,6.0,-4.0,43.0,45.0,917.0,1,0,0,1.0,54.0,92.0,2.0,4.0,10.0,76.0,146.0,86.0,6.0,2016-10-09
2016-10-04,2016,6.0,-4.0,43.0,45.0,917.0,0,0,0,1.0,72.0,78.0,8.0,2.0,30.0,30.0,150.0,60.0,10.0,2016-10-04
2016-09-26,2016,6.0,-4.0,43.0,45.0,917.0,1,0,0,1.0,70.0,92.0,0.0,2.0,12.0,42.0,162.0,54.0,2.0,2016-09-26
2016-10-04,2016,-9.0,4.0,49.0,41.0,1004.0,0,0,0,1.0,72.0,78.0,8.0,2.0,30.0,30.0,150.0,60.0,10.0,2016-10-04
2016-09-26,2016,-9.0,4.0,49.0,41.0,1004.0,1,0,0,1.0,70.0,92.0,0.0,2.0,12.0,42.0,162.0,54.0,2.0,2016-09-26
2016-10-09,2016,-9.0,4.0,49.0,41.0,1004.0,1,0,0,1.0,54.0,92.0,2.0,4.0,10.0,76.0,146.0,86.0,6.0,2016-10-09
2016-10-04,2016,10.0,1.0,40.0,45.0,740.0,0,0,0,1.0,72.0,78.0,8.0,2.0,30.0,30.0,150.0,60.0,10.0,2016-10-04
2016-10-09,2016,10.0,1.0,40.0,45.0,740.0,1,0,0,1.0,54.0,92.0,2.0,4.0,10.0,76.0,146.0,86.0,6.0,2016-10-09
2016-09-26,2016,10.0,1.0,40.0,45.0,740.0,1,0,0,1.0,70.0,92.0,0.0,2.0,12.0,42.0,162.0,54.0,2.0,2016-09-26
2016-09-26,2016,1.0,-5.0,50.0,46.0,905.0,1,0,0,1.0,70.0,92.0,0.0,2.0,12.0,42.0,162.0,54.0,2.0,2016-09-26
2016-10-04,2016,1.0,-5.0,50.0,46.0,905.0,0,0,0,1.0,72.0,78.0,8.0,2.0,30.0,30.0,150.0,60.0,10.0,2016-10-04
2016-10-09,2016,1.0,-5.0,50.0,46.0,905.0,1,0,0,1.0,54.0,92.0,2.0,4.0,10.0,76.0,146.0,86.0,6.0,2016-10-09
2016-10-04,2016,-7.0,4.0,51.0,41.0,2946.0,0,0,0,1.0,72.0,78.0,8.0,2.0,30.0,30.0,150.0,60.0,10.0,2016-10-04
2016-09-26,2016,-7.0,4.0,51.0,41.0,2946.0,1,0,0,1.0,70.0,92.0,0.0,2.0,12.0,42.0,162.0,54.0,2.0,2016-09-26
2016-09-26,2016,-7.0,4.0,51.0,41.0,2946.0,1,0,0,1.0,70.0,92.0,0.0,2.0,12.0,42.0,162.0,54.0,2.0,2016-09-26
2016-10-09,2016,-7.0,4.0,51.0,41.0,2946.0,1,0,0,1.0,54.0,92.0,2.0,4.0,10.0,76.0,146.0,86.0,6.0,2016-10-09
2016-10-09,2016,-7.0,4.0,51.0,41.0,2946.0,1,0,0,1.0,54.0,92.0,2.0,4.0,10.0,76.0,146.0,86.0,6.0,2016-10-09
2016-10-09,2016,9.0,-4.0,44.0,45.0,726.0,1,0,0,1.0,54.0,92.0,2.0,4.0,10.0,76.0,146.0,86.0,6.0,2016-10-09
2016-10-04,2016,9.0,-4.0,44.0,45.0,726.0,0,0,0,1.0,72.0,78.0,8.0,2.0,30.0,30.0,150.0,60.0,10.0,2016-10-04
2016-09-26,2016,9.0,-4.0,44.0,45.0,726.0,1,0,0,1.0,70.0,92.0,0.0,2.0,12.0,42.0,162.0,54.0,2.0,2016-09-26
2016-10-09,2016,-2.0,2.0,53.0,41.0,24804.0,1,0,0,1.0,54.0,92.0,2.0,4.0,10.0,76.0,146.0,86.0,6.0,2016-10-09
2016-09-26,2016,-2.0,2.0,53.0,41.0,24804.0,1,0,0,1.0,70.0,92.0,0.0,2.0,12.0,42.0,162.0,54.0,2.0,2016-09-26
2016-10-04,2016,-2.0,2.0,53.0,41.0,24804.0,0,0,0,1.0,72.0,78.0,8.0,2.0,30.0,30.0,150.0,60.0,10.0,2016-10-04
2016-10-09,2016,0.0,-3.0,51.0,43.0,1189.0,1,0,0,1.0,54.0,92.0,2.0,4.0,10.0,76.0,146.0,86.0,6.0,2016-10-09
2016-09-26,2016,0.0,-3.0,51.0,43.0,1189.0,1,0,0,1.0,70.0,92.0,0.0,2.0,12.0,42.0,162.0,54.0,2.0,2016-09-26
2016-10-04,2016,0.0,-3.0,51.0,43.0,1189.0,0,0,0,1.0,72.0,78.0,8.0,2.0,30.0,30.0,150.0,60.0,10.0,2016-10-04
2016-10-04,2016,-8.0,-1.0,51.0,40.0,1190.0,0,0,0,1.0,72.0,78.0,8.0,2.0,30.0,30.0,150.0,60.0,10.0,2016-10-04
2016-10-09,2016,-8.0,-1.0,51.0,40.0,1190.0,1,0,0,1.0,54.0,92.0,2.0,4.0,10.0,76.0,146.0,86.0,6.0,2016-10-09
2016-10-04,2016,7.0,2.0,43.0,39.0,1006.0,0,0,0,1.0,72.0,78.0,8.0,2.0,30.0,30.0,150.0,60.0,10.0,2016-10-04
2016-10-09,2016,7.0,2.0,43.0,39.0,1006.0,1,0,0,1.0,54.0,92.0,2.0,4.0,10.0,76.0,146.0,86.0,6.0,2016-10-09
2016-10-09,2016,0.0,4.0,50.0,41.0,956.0,1,0,0,1.0,54.0,92.0,2.0,4.0,10.0,76.0,146.0,86.0,6.0,2016-10-09
2016-10-04,2016,0.0,4.0,50.0,41.0,956.0,0,0,0,1.0,72.0,78.0,8.0,2.0,30.0,30.0,150.0,60.0,10.0,2016-10-04
2016-10-04,2016,-1.0,-3.0,50.0,45.0,912.0,0,0,0,1.0,72.0,78.0,8.0,2.0,30.0,30.0,150.0,60.0,10.0,2016-10-04
2016-10-09,2016,-1.0,-3.0,50.0,45.0,912.0,1,0,0,1.0,54.0,92.0,2.0,4.0,10.0,76.0,146.0,86.0,6.0,2016-10-09
2016-10-09,2016,-2.0,1.0,49.0,42.0,925.0,1,0,0,1.0,54.0,92.0,2.0,4.0,10.0,76.0,146.0,86.0,6.0,2016-10-09
2016-10-04,2016,-2.0,1.0,49.0,42.0,925.0,0,0,0,1.0,72.0,78.0,8.0,2.0,30.0,30.0,150.0,60.0,10.0,2016-10-04
2016-10-09,2016,3.0,1.0,47.0,43.0,1007.0,1,0,0,1.0,54.0,92.0,2.0,4.0,10.0,76.0,146.0,86.0,6.0,2016-10-09
2016-10-04,2016,3.0,1.0,47.0,43.0,1007.0,0,0,0,1.0,72.0,78.0,8.0,2.0,30.0,30.0,150.0,60.0,10.0,2016-10-04
2016-10-09,2016,0.0,6.0,50.0,44.0,2109.0,1,0,0,1.0,54.0,92.0,2.0,4.0,10.0,76.0,146.0,86.0,6.0,2016-10-09
2016-10-04,2016,0.0,6.0,50.0,44.0,2109.0,0,0,0,1.0,72.0,78.0,8.0,2.0,30.0,30.0,150.0,60.0,10.0,2016-10-04
2016-10-19,2016,0.0,6.0,50.0,44.0,2109.0,0,0,0,1.0,72.0,64.0,0.0,2.0,22.0,66.0,136.0,88.0,2.0,2016-10-19
2016-10-09,2016,3.0,-9.0,50.0,50.0,611.0,1,0,0,1.0,54.0,92.0,2.0,4.0,10.0,76.0,146.0,86.0,6.0,2016-10-09
2016-10-04,2016,3.0,-9.0,50.0,50.0,611.0,0,0,0,1.0,72.0,78.0,8.0,2.0,30.0,30.0,150.0,60.0,10.0,2016-10-04
2016-10-19,2016,3.0,-9.0,50.0,50.0,611.0,0,0,0,1.0,72.0,64.0,0.0,2.0,22.0,66.0,136.0,88.0,2.0,2016-10-19
2016-10-19,2016,-2.0,4.0,53.0,41.0,779.0,0,0,0,1.0,72.0,64.0,0.0,2.0,22.0,66.0,136.0,88.0,2.0,2016-10-19
2016-10-04,2016,-2.0,4.0,53.0,41.0,779.0,0,0,0,1.0,72.0,78.0,8.0,2.0,30.0,30.0,150.0,60.0,10.0,2016-10-04
2016-10-09,2016,-2.0,4.0,53.0,41.0,779.0,1,0,0,1.0,54.0,92.0,2.0,4.0,10.0,76.0,146.0,86.0,6.0,2016-10-09
2016-10-09,2016,-1.0,-1.0,51.0,45.0,32255.0,1,0,0,1.0,54.0,92.0,2.0,4.0,10.0,76.0,146.0,86.0,6.0,2016-10-09
2016-10-04,2016,-1.0,-1.0,51.0,45.0,32255.0,0,0,0,1.0,72.0,78.0,8.0,2.0,30.0,30.0,150.0,60.0,10.0,2016-10-04
2016-10-19,2016,-1.0,-1.0,51.0,45.0,32255.0,0,0,0,1.0,72.0,64.0,0.0,2.0,22.0,66.0,136.0,88.0,2.0,2016-10-19
2016-10-04,2016,4.0,-3.0,50.0,44.0,1212.0,0,0,0,1.0,72.0,78.0,8.0,2.0,30.0,30.0,150.0,60.0,10.0,2016-10-04
2016-10-19,2016,4.0,-3.0,50.0,44.0,1212.0,0,0,0,1.0,72.0,64.0,0.0,2.0,22.0,66.0,136.0,88.0,2.0,2016-10-19
2016-10-09,2016,4.0,-3.0,50.0,44.0,1212.0,1,0,0,1.0,54.0,92.0,2.0,4.0,10.0,76.0,146.0,86.0,6.0,2016-10-09
2016-10-09,2016,-11.0,-4.0,54.0,41.0,1170.0,1,0,0,1.0,54.0,92.0,2.0,4.0,10.0,76.0,146.0,86.0,6.0,2016-10-09
2016-10-19,2016,-11.0,-4.0,54.0,41.0,1170.0,0,0,0,1.0,72.0,64.0,0.0,2.0,22.0,66.0,136.0,88.0,2.0,2016-10-19
2016-10-04,2016,-11.0,-4.0,54.0,41.0,1170.0,0,0,0,1.0,72.0,78.0,8.0,2.0,30.0,30.0,150.0,60.0,10.0,2016-10-04
2016-10-09,2016,6.0,2.0,43.0,37.0,1000.0,1,0,0,1.0,54.0,92.0,2.0,4.0,10.0,76.0,146.0,86.0,6.0,2016-10-09
2016-10-19,2016,6.0,2.0,43.0,37.0,1000.0,0,0,0,1.0,72.0,64.0,0.0,2.0,22.0,66.0,136.0,88.0,2.0,2016-10-19
2016-10-04,2016,6.0,2.0,43.0,37.0,1000.0,0,0,0,1.0,72.0,78.0,8.0,2.0,30.0,30.0,150.0,60.0,10.0,2016-10-04
2016-10-19,2016,-2.0,-2.0,49.0,39.0,,0,0,0,1.0,72.0,64.0,0.0,2.0,22.0,66.0,136.0,88.0,2.0,2016-10-19
2016-10-04,2016,-2.0,-2.0,49.0,39.0,,0,0,0,1.0,72.0,78.0,8.0,2.0,30.0,30.0,150.0,60.0,10.0,2016-10-04
2016-10-09,2016,-2.0,-2.0,49.0,39.0,,1,0,0,1.0,54.0,92.0,2.0,4.0,10.0,76.0,146.0,86.0,6.0,2016-10-09
2016-10-04,2016,4.0,6.0,47.0,37.0,1119.0,0,0,0,1.0,72.0,78.0,8.0,2.0,30.0,30.0,150.0,60.0,10.0,2016-10-04
2016-10-09,2016,4.0,6.0,47.0,37.0,1119.0,1,0,0,1.0,54.0,92.0,2.0,4.0,10.0,76.0,146.0,86.0,6.0,2016-10-09
2016-10-19,2016,4.0,6.0,47.0,37.0,1119.0,0,0,0,1.0,72.0,64.0,0.0,2.0,22.0,66.0,136.0,88.0,2.0,2016-10-19
2016-10-09,2016,-1.0,0.0,51.0,43.0,2120.0,1,0,0,1.0,54.0,92.0,2.0,4.0,10.0,76.0,146.0,86.0,6.0,2016-10-09
2016-10-19,2016,-1.0,0.0,51.0,43.0,2120.0,0,0,0,1.0,72.0,64.0,0.0,2.0,22.0,66.0,136.0,88.0,2.0,2016-10-19
2016-10-19,2016,-1.0,1.0,50.0,43.0,1221.0,0,0,0,1.0,72.0,64.0,0.0,2.0,22.0,66.0,136.0,88.0,2.0,2016-10-19
2016-10-09,2016,-1.0,1.0,50.0,43.0,1221.0,1,0,0,1.0,54.0,92.0,2.0,4.0,10.0,76.0,146.0,86.0,6.0,2016-10-09
2016-10-09,2016,-5.0,1.0,49.0,44.0,3145.0,1,0,0,1.0,54.0,92.0,2.0,4.0,10.0,76.0,146.0,86.0,6.0,2016-10-09
2016-10-19,2016,-5.0,1.0,49.0,44.0,3145.0,0,0,0,1.0,72.0,64.0,0.0,2.0,22.0,66.0,136.0,88.0,2.0,2016-10-19
2016-10-09,2016,-1.0,-4.0,44.0,45.0,921.0,1,0,0,1.0,54.0,92.0,2.0,4.0,10.0,76.0,146.0,86.0,6.0,2016-10-09
2016-10-19,2016,-1.0,-4.0,44.0,45.0,921.0,0,0,0,1.0,72.0,64.0,0.0,2.0,22.0,66.0,136.0,88.0,2.0,2016-10-19
2016-10-09,2016,6.0,5.0,43.0,41.0,1209.0,1,0,0,1.0,54.0,92.0,2.0,4.0,10.0,76.0,146.0,86.0,6.0,2016-10-09
2016-10-19,2016,6.0,5.0,43.0,41.0,1209.0,0,0,0,1.0,72.0,64.0,0.0,2.0,22.0,66.0,136.0,88.0,2.0,2016-10-19
2016-10-09,2016,1.0,-1.0,49.0,46.0,1109.0,1,0,0,1.0,54.0,92.0,2.0,4.0,10.0,76.0,146.0,86.0,6.0,2016-10-09
2016-10-19,2016,1.0,-1.0,49.0,46.0,1109.0,0,0,0,1.0,72.0,64.0,0.0,2.0,22.0,66.0,136.0,88.0,2.0,2016-10-19
2016-10-19,2016,-6.0,1.0,50.0,45.0,3248.0,0,0,0,1.0,72.0,64.0,0.0,2.0,22.0,66.0,136.0,88.0,2.0,2016-10-19
2016-10-19,2016,-6.0,1.0,50.0,45.0,3248.0,0,0,0,1.0,72.0,64.0,0.0,2.0,22.0,66.0,136.0,88.0,2.0,2016-10-19
2016-10-09,2016,-6.0,1.0,50.0,45.0,3248.0,1,0,0,1.0,54.0,92.0,2.0,4.0,10.0,76.0,146.0,86.0,6.0,2016-10-09
2016-10-09,2016,-6.0,1.0,50.0,45.0,3248.0,1,0,0,1.0,54.0,92.0,2.0,4.0,10.0,76.0,146.0,86.0,6.0,2016-10-09
2016-10-19,2016,6.0,-4.0,44.0,46.0,847.0,0,0,0,1.0,72.0,64.0,0.0,2.0,22.0,66.0,136.0,88.0,2.0,2016-10-19
2016-10-09,2016,6.0,-4.0,44.0,46.0,847.0,1,0,0,1.0,54.0,92.0,2.0,4.0,10.0,76.0,146.0,86.0,6.0,2016-10-09
2016-10-19,2016,6.0,-4.0,44.0,46.0,847.0,0,0,0,1.0,72.0,64.0,0.0,2.0,22.0,66.0,136.0,88.0,2.0,2016-10-19
2016-10-09,2016,6.0,-4.0,44.0,46.0,847.0,1,0,0,1.0,54.0,92.0,2.0,4.0,10.0,76.0,146.0,86.0,6.0,2016-10-09
2016-10-19,2016,1.0,2.0,50.0,42.0,40816.0,0,0,0,1.0,72.0,64.0,0.0,2.0,22.0,66.0,136.0,88.0,2.0,2016-10-19
2016-10-19,2016,-6.0,-1.0,51.0,44.0,1013.0,0,0,0,1.0,72.0,64.0,0.0,2.0,22.0,66.0,136.0,88.0,2.0,2016-10-19
2016-10-19,2016,3.0,4.0,45.0,43.0,1128.0,0,0,0,1.0,72.0,64.0,0.0,2.0,22.0,66.0,136.0,88.0,2.0,2016-10-19
2016-10-19,2016,-5.0,0.0,48.0,47.0,3145.0,0,0,0,1.0,72.0,64.0,0.0,2.0,22.0,66.0,136.0,88.0,2.0,2016-10-19
2016-10-19,2016,7.0,3.0,43.0,47.0,5360.0,0,0,0,1.0,72.0,64.0,0.0,2.0,22.0,66.0,136.0,88.0,2.0,2016-10-19
2016-10-19,2016,-2.0,-5.0,50.0,50.0,1233.0,0,0,0,1.0,72.0,64.0,0.0,2.0,22.0,66.0,136.0,88.0,2.0,2016-10-19
2016-10-19,2016,-1.0,-1.0,48.0,45.0,1333.0,0,0,0,1.0,72.0,64.0,0.0,2.0,22.0,66.0,136.0,88.0,2.0,2016-10-19
2016-10-19,2016,-2.0,-5.0,47.0,44.0,1858.0,0,0,0,1.0,72.0,64.0,0.0,2.0,22.0,66.0,136.0,88.0,2.0,2016-10-19
2016-10-19,2016,1.0,4.0,45.0,39.0,1144.0,0,0,0,1.0,72.0,64.0,0.0,2.0,22.0,66.0,136.0,88.0,2.0,2016-10-19
2016-10-19,2016,0.0,2.0,46.0,43.0,1107.0,0,0,0,1.0,72.0,64.0,0.0,2.0,22.0,66.0,136.0,88.0,2.0,2016-10-19
2016-10-19,2016,0.0,-1.0,46.0,45.0,940.0,0,0,0,1.0,72.0,64.0,0.0,2.0,22.0,66.0,136.0,88.0,2.0,2016-10-19
2016-10-19,2016,-2.0,-5.0,46.0,44.0,2021.0,0,0,0,1.0,72.0,64.0,0.0,2.0,22.0,66.0,136.0,88.0,2.0,2016-10-19
2016-10-19,2016,0.0,1.0,44.0,39.0,2244.0,0,0,0,1.0,72.0,64.0,0.0,2.0,22.0,66.0,136.0,88.0,2.0,2016-10-19
2016-10-19,2016,12.0,1.0,44.0,40.0,541.0,0,0,0,1.0,72.0,64.0,0.0,2.0,22.0,66.0,136.0,88.0,2.0,2016-10-19
2016-10-19,2016,-8.0,2.0,56.0,41.0,1282.0,0,0,0,1.0,72.0,64.0,0.0,2.0,22.0,66.0,136.0,88.0,2.0,2016-10-19
2016-10-19,2016,-8.0,2.0,56.0,41.0,1282.0,0,0,0,1.0,72.0,64.0,0.0,2.0,22.0,66.0,136.0,88.0,2.0,2016-10-19
2016-10-19,2016,-4.0,-4.0,48.0,43.0,2196.0,0,0,0,1.0,72.0,64.0,0.0,2.0,22.0,66.0,136.0,88.0,2.0,2016-10-19
2016-10-19,2016,3.0,4.0,44.0,39.0,1426.0,0,0,0,1.0,72.0,64.0,0.0,2.0,22.0,66.0,136.0,88.0,2.0,2016-10-19
2016-10-19,2016,3.0,1.0,47.0,43.0,748.0,0,0,0,1.0,72.0,64.0,0.0,2.0,22.0,66.0,136.0,88.0,2.0,2016-10-19
2016-10-19,2016,1.0,0.0,50.0,44.0,30145.0,0,0,0,1.0,72.0,64.0,0.0,2.0,22.0,66.0,136.0,88.0,2.0,2016-10-19
2016-10-19,2016,-2.0,2.0,51.0,44.0,2220.0,0,0,0,1.0,72.0,64.0,0.0,2.0,22.0,66.0,136.0,88.0,2.0,2016-10-19
2016-10-19,2016,-1.0,-2.0,49.0,46.0,1295.0,0,0,0,1.0,72.0,64.0,0.0,2.0,22.0,66.0,136.0,88.0,2.0,2016-10-19
2016-10-19,2016,-2.0,-1.0,48.0,44.0,799.0,0,0,0,1.0,72.0,64.0,0.0,2.0,22.0,66.0,136.0,88.0,2.0,2016-10-19
2016-10-19,2016,-2.0,4.0,46.0,43.0,2935.0,0,0,0,1.0,72.0,64.0,0.0,2.0,22.0,66.0,136.0,88.0,2.0,2016-10-19
2016-10-19,2016,5.0,-2.0,44.0,47.0,3669.0,0,0,0,1.0,72.0,64.0,0.0,2.0,22.0,66.0,136.0,88.0,2.0,2016-10-19
2016-10-19,2016,-2.200000047683716,-1.399999976158142,49.0,45.0,,0,0,0,1.0,72.0,64.0,0.0,2.0,22.0,66.0,136.0,88.0,2.0,2016-10-19
2016-10-19,2016,-3.799999237060547,-1.5999984741210938,46.79999923706055,43.599998474121094,1107.0,0,0,0,1.0,72.0,64.0,0.0,2.0,22.0,66.0,136.0,88.0,2.0,2016-10-19
2020-09-29,2020,1.0,-3.0,50.0,45.0,864.0,1,1,1,0.0,38.0,50.0,0.0,0.0,16.0,48.0,88.0,64.0,0.0,2020-09-29
2020-09-29,2020,0.0,1.0,51.0,42.0,3000.0,1,1,1,0.0,38.0,50.0,0.0,0.0,16.0,48.0,88.0,64.0,0.0,2020-09-29
2020-09-29,2020,3.0,-2.0,51.0,43.0,925.0,1,1,1,0.0,38.0,50.0,0.0,0.0,16.0,48.0,88.0,64.0,0.0,2020-09-29
2020-09-29,2020,-4.0,1.0,54.0,41.0,1350.0,1,1,1,0.0,38.0,50.0,0.0,0.0,16.0,48.0,88.0,64.0,0.0,2020-09-29
2020-09-29,2020,3.0,-3.0,50.0,42.0,800.0,1,1,1,0.0,38.0,50.0,0.0,0.0,16.0,48.0,88.0,64.0,0.0,2020-09-29
2020-09-29,2020,-4.0,7.0,53.0,39.0,1030.0,1,1,1,0.0,38.0,50.0,0.0,0.0,16.0,48.0,88.0,64.0,0.0,2020-09-29
2020-09-29,2020,-2.0,-6.0,49.0,46.0,928.0,1,1,1,0.0,38.0,50.0,0.0,0.0,16.0,48.0,88.0,64.0,0.0,2020-09-29
2020-09-29,2020,4.0,4.0,47.0,40.0,863.0,1,1,1,0.0,38.0,50.0,0.0,0.0,16.0,48.0,88.0,64.0,0.0,2020-09-29
2020-09-29,2020,0.0,-1.0,51.0,44.0,763.0,1,1,1,0.0,38.0,50.0,0.0,0.0,16.0,48.0,88.0,64.0,0.0,2020-09-29
2020-09-29,2020,1.0,-1.0,51.0,43.0,2167.0,1,1,1,0.0,38.0,50.0,0.0,0.0,16.0,48.0,88.0,64.0,0.0,2020-09-29
2020-09-29,2020,5.0,-1.0,52.0,42.0,1001.0,1,1,1,0.0,38.0,50.0,0.0,0.0,16.0,48.0,88.0,64.0,0.0,2020-09-29
2020-09-29,2020,-4.0,2.0,57.0,41.0,1114.0,1,1,1,0.0,38.0,50.0,0.0,0.0,16.0,48.0,88.0,64.0,0.0,2020-09-29
2020-09-29,2020,-1.0,-3.0,53.0,43.0,2500.0,1,1,1,0.0,38.0,50.0,0.0,0.0,16.0,48.0,88.0,64.0,0.0,2020-09-29
2020-09-29,2020,1.0,3.0,52.0,40.0,1012.0,1,1,1,0.0,38.0,50.0,0.0,0.0,16.0,48.0,88.0,64.0,0.0,2020-09-29
2020-09-29,2020,-1.0,-3.0,53.0,43.0,882.0,1,1,1,0.0,38.0,50.0,0.0,0.0,16.0,48.0,88.0,64.0,0.0,2020-09-29
2020-09-29,2020,-1.0,2.0,52.0,40.0,1364.0,1,1,1,0.0,38.0,50.0,0.0,0.0,16.0,48.0,88.0,64.0,0.0,2020-09-29
2020-09-29,2020,-6.0,-2.0,51.0,42.0,2841.0,1,1,1,0.0,38.0,50.0,0.0,0.0,16.0,48.0,88.0,64.0,0.0,2020-09-29
2020-09-29,2020,6.0,0.0,45.0,40.0,1483.0,1,1,1,0.0,38.0,50.0,0.0,0.0,16.0,48.0,88.0,64.0,0.0,2020-09-29
2020-09-29,2020,6.0,0.0,45.0,40.0,1483.0,1,1,1,0.0,38.0,50.0,0.0,0.0,16.0,48.0,88.0,64.0,0.0,2020-09-29
2020-09-29,2020,-1.0,0.0,51.0,40.0,1003.0,1,1,1,0.0,38.0,50.0,0.0,0.0,16.0,48.0,88.0,64.0,0.0,2020-09-29
2020-09-29,2020,-1.0,0.0,51.0,40.0,1003.0,1,1,1,0.0,38.0,50.0,0.0,0.0,16.0,48.0,88.0,64.0,0.0,2020-09-29
2020-09-29,2020,5.0,3.0,50.0,40.0,725.0,1,1,1,0.0,38.0,50.0,0.0,0.0,16.0,48.0,88.0,64.0,0.0,2020-09-29
2020-09-29,2020,5.0,3.0,50.0,40.0,725.0,1,1,1,0.0,38.0,50.0,0.0,0.0,16.0,48.0,88.0,64.0,0.0,2020-09-29
2020-09-29,2020,-4.0,0.0,55.0,43.0,1240.0,1,1,1,0.0,38.0,50.0,0.0,0.0,16.0,48.0,88.0,64.0,0.0,2020-09-29
2020-09-29,2020,-4.0,0.0,55.0,43.0,1240.0,1,1,1,0.0,38.0,50.0,0.0,0.0,16.0,48.0,88.0,64.0,0.0,2020-09-29
2020-09-29,2020,2.0,-1.0,51.0,43.0,1000.0,1,1,1,0.0,38.0,50.0,0.0,0.0,16.0,48.0,88.0,64.0,0.0,2020-09-29
2020-09-29,2020,2.0,-1.0,51.0,43.0,1000.0,1,1,1,0.0,38.0,50.0,0.0,0.0,16.0,48.0,88.0,64.0,0.0,2020-09-29
2020-09-29,2020,-1.0,0.0,53.0,42.0,1333.0,1,1,1,0.0,38.0,50.0,0.0,0.0,16.0,48.0,88.0,64.0,0.0,2020-09-29
2020-09-29,2020,-1.0,-1.0,52.0,42.0,882.0,1,1,1,0.0,38.0,50.0,0.0,0.0,16.0,48.0,88.0,64.0,0.0,2020-09-29
2020-09-29,2020,3.0,2.0,51.0,41.0,819.0,1,1,1,0.0,38.0,50.0,0.0,0.0,16.0,48.0,88.0,64.0,0.0,2020-09-29
2020-09-29,2020,-4.0,2.0,54.0,43.0,2500.0,1,1,1,0.0,38.0,50.0,0.0,0.0,16.0,48.0,88.0,64.0,0.0,2020-09-29
2020-09-29,2020,-3.0,-5.0,50.0,45.0,2855.0,1,1,1,0.0,38.0,50.0,0.0,0.0,16.0,48.0,88.0,64.0,0.0,2020-09-29
2020-09-29,2020,4.0,2.0,47.0,40.0,820.0,1,1,1,0.0,38.0,50.0,0.0,0.0,16.0,48.0,88.0,64.0,0.0,2020-09-29
2020-09-29,2020,4.0,2.0,47.0,40.0,820.0,1,1,1,0.0,38.0,50.0,0.0,0.0,16.0,48.0,88.0,64.0,0.0,2020-09-29
2020-09-29,2020,-2.0,1.0,51.0,42.0,951.0,1,1,1,0.0,38.0,50.0,0.0,0.0,16.0,48.0,88.0,64.0,0.0,2020-09-29
2020-09-29,2020,-3.0,-1.0,49.0,43.0,1897.0,1,1,1,0.0,38.0,50.0,0.0,0.0,16.0,48.0,88.0,64.0,0.0,2020-09-29
2020-09-29,2020,6.0,-1.0,46.0,42.0,3080.0,1,1,1,0.0,38.0,50.0,0.0,0.0,16.0,48.0,88.0,64.0,0.0,2020-09-29
2020-09-29,2020,6.0,-1.0,46.0,42.0,3080.0,1,1,1,0.0,38.0,50.0,0.0,0.0,16.0,48.0,88.0,64.0,0.0,2020-09-29
2020-09-29,2020,-1.0,2.0,52.0,41.0,1265.0,1,1,1,0.0,38.0,50.0,0.0,0.0,16.0,48.0,88.0,64.0,0.0,2020-09-29
2020-09-29,2020,-1.0,2.0,52.0,41.0,1265.0,1,1,1,0.0,38.0,50.0,0.0,0.0,16.0,48.0,88.0,64.0,0.0,2020-09-29
2020-09-29,2020,-1.0,-2.0,51.0,43.0,987.0,1,1,1,0.0,38.0,50.0,0.0,0.0,16.0,48.0,88.0,64.0,0.0,2020-09-29
2020-09-29,2020,2.0,1.0,50.0,41.0,2711.0,1,1,1,0.0,38.0,50.0,0.0,0.0,16.0,48.0,88.0,64.0,0.0,2020-09-29
2020-09-29,2020,-1.0,-1.0,52.0,42.0,1426.0,1,1,1,0.0,38.0,50.0,0.0,0.0,16.0,48.0,88.0,64.0,0.0,2020-09-29
2020-09-29,2020,2.0,2.0,51.0,41.0,1136.0,1,1,1,0.0,38.0,50.0,0.0,0.0,16.0,48.0,88.0,64.0,0.0,2020-09-29
2020-10-22,2020,0.0,-5.0,51.0,49.0,1842.0,1,1,0,0.0,28.0,42.0,2.0,0.0,26.0,42.0,70.0,68.0,2.0,2020-10-22
2020-10-22,2020,0.0,-4.0,51.0,44.0,800.0,1,1,0,0.0,28.0,42.0,2.0,0.0,26.0,42.0,70.0,68.0,2.0,2020-10-22
2020-10-22,2020,3.0,2.0,51.0,40.0,886.0,1,1,0,0.0,28.0,42.0,2.0,0.0,26.0,42.0,70.0,68.0,2.0,2020-10-22
2020-10-22,2020,-4.0,3.0,54.0,42.0,1121.0,1,1,0,0.0,28.0,42.0,2.0,0.0,26.0,42.0,70.0,68.0,2.0,2020-10-22
2020-10-22,2020,2.0,-3.0,50.0,45.0,825.0,1,1,0,0.0,28.0,42.0,2.0,0.0,26.0,42.0,70.0,68.0,2.0,2020-10-22
2020-10-22,2020,2.0,1.0,52.0,42.0,1365.0,1,1,0,0.0,28.0,42.0,2.0,0.0,26.0,42.0,70.0,68.0,2.0,2020-10-22
2020-10-22,2020,-2.0,1.0,54.0,43.0,1000.0,1,1,0,0.0,28.0,42.0,2.0,0.0,26.0,42.0,70.0,68.0,2.0,2020-10-22
2020-10-22,2020,2.0,2.0,52.0,44.0,,1,1,0,0.0,28.0,42.0,2.0,0.0,26.0,42.0,70.0,68.0,2.0,2020-10-22
2020-10-22,2020,-5.0,-1.0,54.0,46.0,2359.0,1,1,0,0.0,28.0,42.0,2.0,0.0,26.0,42.0,70.0,68.0,2.0,2020-10-22
2020-10-22,2020,3.0,-1.0,49.0,45.0,1246.0,1,1,0,0.0,28.0,42.0,2.0,0.0,26.0,42.0,70.0,68.0,2.0,2020-10-22
2020-10-22,2020,4.0,-6.0,52.0,44.0,572.0,1,1,0,0.0,28.0,42.0,2.0,0.0,26.0,42.0,70.0,68.0,2.0,2020-10-22
2020-10-22,2020,-6.0,3.0,56.0,38.0,720.0,1,1,0,0.0,28.0,42.0,2.0,0.0,26.0,42.0,70.0,68.0,2.0,2020-10-22
2020-10-22,2020,1.0,-2.0,50.0,41.0,1040.0,1,1,0,0.0,28.0,42.0,2.0,0.0,26.0,42.0,70.0,68.0,2.0,2020-10-22
2020-10-22,2020,5.0,0.0,51.0,39.0,876.0,1,1,0,0.0,28.0,42.0,2.0,0.0,26.0,42.0,70.0,68.0,2.0,2020-10-22
2020-10-22,2020,-3.0,4.0,56.0,39.0,863.0,1,1,0,0.0,28.0,42.0,2.0,0.0,26.0,42.0,70.0,68.0,2.0,2020-10-22
2020-10-22,2020,-2.0,1.0,53.0,43.0,1200.0,1,1,0,0.0,28.0,42.0,2.0,0.0,26.0,42.0,70.0,68.0,2.0,2020-10-22
2020-10-22,2020,1.0,-2.0,51.0,44.0,1000.0,1,1,0,0.0,28.0,42.0,2.0,0.0,26.0,42.0,70.0,68.0,2.0,2020-10-22
2020-10-22,2020,0.0,2.0,52.0,42.0,1265.0,1,1,0,0.0,28.0,42.0,2.0,0.0,26.0,42.0,70.0,68.0,2.0,2020-10-22
2020-10-22,2020,-2.0,-5.0,52.0,44.0,1516.0,1,1,0,0.0,28.0,42.0,2.0,0.0,26.0,42.0,70.0,68.0,2.0,2020-10-22
2020-10-22,2020,-2.0,8.0,50.0,39.0,1500.0,1,1,0,0.0,28.0,42.0,2.0,0.0,26.0,42.0,70.0,68.0,2.0,2020-10-22
2020-10-22,2020,4.0,-5.0,48.0,47.0,1880.0,1,1,0,0.0,28.0,42.0,2.0,0.0,26.0,42.0,70.0,68.0,2.0,2020-10-22
2020-10-22,2020,0.0,3.0,52.0,42.0,914.0,1,1,0,0.0,28.0,42.0,2.0,0.0,26.0,42.0,70.0,68.0,2.0,2020-10-22
2020-10-22,2020,-0.800000011920929,-1.0,52.0,45.0,,1,1,0,0.0,28.0,42.0,2.0,0.0,26.0,42.0,70.0,68.0,2.0,2020-10-22
2020-10-22,2020,2.799999237060547,-1.0,51.20000076293945,44.0,5423.0,1,1,0,0.0,28.0,42.0,2.0,0.0,26.0,42.0,70.0,68.0,2.0,2020-10-22
2020-10-22,2020,-4.0,3.0,54.0,43.0,1212.0,1,1,0,0.0,28.0,42.0,2.0,0.0,26.0,42.0,70.0,68.0,2.0,2020-10-22
2020-10-22,2020,3.0,-3.0,50.0,46.0,1363.0,1,1,0,0.0,28.0,42.0,2.0,0.0,26.0,42.0,70.0,68.0,2.0,2020-10-22
2024-06-27,2024,-3.0,-5.0,44.0,48.0,992.0,1,1,1,1.0,10.0,13.0,0.0,0.0,3.0,6.0,23.0,9.0,0.0,2024-06-27
2024-06-27,2024,1.0,-2.0,44.0,48.0,2045.0,1,1,1,1.0,10.0,13.0,0.0,0.0,3.0,6.0,23.0,9.0,0.0,2024-06-27
2024-06-27,2024,5.0,3.0,44.0,48.0,1918.0,1,1,1,1.0,10.0,13.0,0.0,0.0,3.0,6.0,23.0,9.0,0.0,2024-06-27
2024-06-27,2024,-1.0,-4.0,44.0,48.0,1098.0,1,1,1,1.0,10.0,13.0,0.0,0.0,3.0,6.0,23.0,9.0,0.0,2024-06-27
2024-06-27,2024,-1.0,-2.0,44.0,48.0,2300.0,1,1,1,1.0,10.0,13.0,0.0,0.0,3.0,6.0,23.0,9.0,0.0,2024-06-27
2024-06-27,2024,-1.0,1.0,44.0,48.0,1847.0,1,1,1,1.0,10.0,13.0,0.0,0.0,3.0,6.0,23.0,9.0,0.0,2024-06-27
2024-06-27,2024,6.0,0.0,44.0,48.0,1174.0,1,1,1,1.0,10.0,13.0,0.0,0.0,3.0,6.0,23.0,9.0,0.0,2024-06-27
2024-06-27,2024,4.0,1.0,44.0,48.0,1210.0,1,1,1,1.0,10.0,13.0,0.0,0.0,3.0,6.0,23.0,9.0,0.0,2024-06-27
2024-06-27,2024,-1.0,-3.0,44.0,48.0,800.0,1,1,1,1.0,10.0,13.0,0.0,0.0,3.0,6.0,23.0,9.0,0.0,2024-06-27
2024-06-27,2024,2.0,-2.0,44.0,48.0,2041.0,1,1,1,1.0,10.0,13.0,0.0,0.0,3.0,6.0,23.0,9.0,0.0,2024-06-27
2024-06-27,2024,-1.0,-2.0,44.0,48.0,1370.0,1,1,1,1.0,10.0,13.0,0.0,0.0,3.0,6.0,23.0,9.0,0.0,2024-06-27
2024-06-27,2024,-2.0,-4.0,44.0,48.0,11323.0,1,1,1,1.0,10.0,13.0,0.0,0.0,3.0,6.0,23.0,9.0,0.0,2024-06-27
2024-06-27,2024,3.0,2.0,44.0,48.0,7729.0,1,1,1,1.0,10.0,13.0,0.0,0.0,3.0,6.0,23.0,9.0,0.0,2024-06-27
2024-06-27,2024,0.0,-6.0,44.0,48.0,4347.0,1,1,1,1.0,10.0,13.0,0.0,0.0,3.0,6.0,23.0,9.0,0.0,2024-06-27
2024-06-27,2024,-2.0,-5.0,44.0,48.0,1000.0,1,1,1,1.0,10.0,13.0,0.0,0.0,3.0,6.0,23.0,9.0,0.0,2024-06-27
2024-06-27,2024,-1.0,0.0,44.0,48.0,1500.0,1,1,1,1.0,10.0,13.0,0.0,0.0,3.0,6.0,23.0,9.0,0.0,2024-06-27
2024-06-27,2024,-4.0,-8.0,44.0,48.0,1070.0,1,1,1,1.0,10.0,13.0,0.0,0.0,3.0,6.0,23.0,9.0,0.0,2024-06-27
2024-06-27,2024,-2.0,0.0,44.0,48.0,1500.0,1,1,1,1.0,10.0,13.0,0.0,0.0,3.0,6.0,23.0,9.0,0.0,2024-06-27
2024-06-27,2024,4.0,2.0,44.0,48.0,2815.0,1,1,1,1.0,10.0,13.0,0.0,0.0,3.0,6.0,23.0,9.0,0.0,2024-06-27
2024-06-27,2024,-1.0,1.0,44.0,48.0,1532.0,1,1,1,1.0,10.0,13.0,0.0,0.0,3.0,6.0,23.0,9.0,0.0,2024-06-27
2024-06-27,2024,-1.0,-3.0,44.0,48.0,1176.0,1,1,1,1.0,10.0,13.0,0.0,0.0,3.0,6.0,23.0,9.0,0.0,2024-06-27
2024-06-27,2024,0.0,-2.0,44.0,48.0,869.0,1,1,1,1.0,10.0,13.0,0.0,0.0,3.0,6.0,23.0,9.0,0.0,2024-06-27
2024-06-27,2024,4.0,4.0,44.0,48.0,2090.0,1,1,1,1.0,10.0,13.0,0.0,0.0,3.0,6.0,23.0,9.0,0.0,2024-06-27
2024-06-27,2024,4.0,4.0,44.0,48.0,1500.0,1,1,1,1.0,10.0,13.0,0.0,0.0,3.0,6.0,23.0,9.0,0.0,2024-06-27
2024-06-27,2024,-1.0,1.0,44.0,48.0,1045.0,1,1,1,1.0,10.0,13.0,0.0,0.0,3.0,6.0,23.0,9.0,0.0,2024-06-27
2024-06-27,2024,1.0,-4.0,44.0,48.0,2068.0,1,1,1,1.0,10.0,13.0,0.0,0.0,3.0,6.0,23.0,9.0,0.0,2024-06-27
2024-06-27,2024,1.0,0.0,44.0,48.0,1011.0,1,1,1,1.0,10.0,13.0,0.0,0.0,3.0,6.0,23.0,9.0,0.0,2024-06-27
2024-06-27,2024,-1.0,-3.0,44.0,48.0,2315.0,1,1,1,1.0,10.0,13.0,0.0,0.0,3.0,6.0,23.0,9.0,0.0,2024-06-27
2024-06-27,2024,-6.0,-3.0,44.0,48.0,841.0,1,1,1,1.0,10.0,13.0,0.0,0.0,3.0,6.0,23.0,9.0,0.0,2024-06-27
2024-06-27,2024,-1.0,-7.0,44.0,48.0,1244.0,1,1,1,1.0,10.0,13.0,0.0,0.0,3.0,6.0,23.0,9.0,0.0,2024-06-27
2024-09-10,2024,2.0,0.0,49.0,46.0,11381.0,1,1,1,1.0,43.0,45.0,1.0,5.0,10.0,21.0,88.0,31.0,6.0,2024-09-10
2024-09-10,2024,2.0,1.0,49.0,46.0,851.0,1,1,1,1.0,43.0,45.0,1.0,5.0,10.0,21.0,88.0,31.0,6.0,2024-09-10
2024-09-10,2024,4.0,1.0,49.0,46.0,1735.0,1,1,1,1.0,43.0,45.0,1.0,5.0,10.0,21.0,88.0,31.0,6.0,2024-09-10
2024-09-10,2024,3.0,-1.0,49.0,46.0,1005.0,1,1,1,1.0,43.0,45.0,1.0,5.0,10.0,21.0,88.0,31.0,6.0,2024-09-10
2024-09-10,2024,1.0,0.0,49.0,46.0,1524.0,1,1,1,1.0,43.0,45.0,1.0,5.0,10.0,21.0,88.0,31.0,6.0,2024-09-10
2024-09-10,2024,-3.0,2.0,49.0,46.0,1820.0,1,1,1,1.0,43.0,45.0,1.0,5.0,10.0,21.0,88.0,31.0,6.0,2024-09-10
2024-09-10,2024,0.0,0.0,49.0,46.0,1220.0,1,1,1,1.0,43.0,45.0,1.0,5.0,10.0,21.0,88.0,31.0,6.0,2024-09-10
2024-09-10,2024,2.0,-2.0,49.0,46.0,1000.0,1,1,1,1.0,43.0,45.0,1.0,5.0,10.0,21.0,88.0,31.0,6.0,2024-09-10
2024-09-10,2024,1.0,-2.0,49.0,46.0,785.0,1,1,1,1.0,43.0,45.0,1.0,5.0,10.0,21.0,88.0,31.0,6.0,2024-09-10
2024-09-10,2024,1.0,-1.0,49.0,46.0,11057.0,1,1,1,1.0,43.0,45.0,1.0,5.0,10.0,21.0,88.0,31.0,6.0,2024-09-10
2024-09-10,2024,-2.0,2.0,49.0,46.0,1728.0,1,1,1,1.0,43.0,45.0,1.0,5.0,10.0,21.0,88.0,31.0,6.0,2024-09-10
2024-09-10,2024,-1.0,1.0,49.0,46.0,2074.0,1,1,1,1.0,43.0,45.0,1.0,5.0,10.0,21.0,88.0,31.0,6.0,2024-09-10
2024-09-10,2024,3.0,2.0,49.0,46.0,3129.0,1,1,1,1.0,43.0,45.0,1.0,5.0,10.0,21.0,88.0,31.0,6.0,2024-09-10
2024-09-10,2024,1.0,2.0,49.0,46.0,2969.0,1,1,1,1.0,43.0,45.0,1.0,5.0,10.0,21.0,88.0,31.0,6.0,2024-09-10
2024-09-10,2024,4.0,1.0,49.0,46.0,1880.0,1,1,1,1.0,43.0,45.0,1.0,5.0,10.0,21.0,88.0,31.0,6.0,2024-09-10
2024-09-10,2024,-2.0,3.0,49.0,46.0,1855.0,1,1,1,1.0,43.0,45.0,1.0,5.0,10.0,21.0,88.0,31.0,6.0,2024-09-10
2024-09-10,2024,0.0,-1.0,49.0,46.0,810.0,1,1,1,1.0,43.0,45.0,1.0,5.0,10.0,21.0,88.0,31.0,6.0,2024-09-10
2024-09-10,2024,0.0,-1.0,49.0,46.0,1445.0,1,1,1,1.0,43.0,45.0,1.0,5.0,10.0,21.0,88.0,31.0,6.0,2024-09-10
2024-09-10,2024,0.0,-2.0,49.0,46.0,1000.0,1,1,1,1.0,43.0,45.0,1.0,5.0,10.0,21.0,88.0,31.0,6.0,2024-09-10
2024-09-10,2024,4.0,1.0,49.0,46.0,1000.0,1,1,1,1.0,43.0,45.0,1.0,5.0,10.0,21.0,88.0,31.0,6.0,2024-09-10
2024-09-10,2024,1.0,2.0,49.0,46.0,1102.0,1,1,1,1.0,43.0,45.0,1.0,5.0,10.0,21.0,88.0,31.0,6.0,2024-09-10
2024-09-10,2024,0.0,-1.0,49.0,46.0,1707.0,1,1,1,1.0,43.0,45.0,1.0,5.0,10.0,21.0,88.0,31.0,6.0,2024-09-10
2024-09-10,2024,-2.0,1.0,49.0,46.0,2437.0,1,1,1,1.0,43.0,45.0,1.0,5.0,10.0,21.0,88.0,31.0,6.0,2024-09-10
2024-09-10,2024,2.0,-1.0,49.0,46.0,11022.0,1,1,1,1.0,43.0,45.0,1.0,5.0,10.0,21.0,88.0,31.0,6.0,2024-09-10
2024-09-10,2024,2.0,-3.0,49.0,46.0,1568.0,1,1,1,1.0,43.0,45.0,1.0,5.0,10.0,21.0,88.0,31.0,6.0,2024-09-10
2024-09-10,2024,0.0,-2.0,49.0,46.0,803.0,1,1,1,1.0,43.0,45.0,1.0,5.0,10.0,21.0,88.0,31.0,6.0,2024-09-10
2024-09-10,2024,1.0,0.0,49.0,46.0,1283.0,1,1,1,1.0,43.0,45.0,1.0,5.0,10.0,21.0,88.0,31.0,6.0,2024-09-10
2024-09-10,2024,3.0,0.0,49.0,46.0,2196.0,1,1,1,1.0,43.0,45.0,1.0,5.0,10.0,21.0,88.0,31.0,6.0,2024-09-10
2024-09-10,2024,-2.0,-3.0,49.0,46.0,1721.0,1,1,1,1.0,43.0,45.0,1.0,5.0,10.0,21.0,88.0,31.0,6.0,2024-09-10
2024-09-10,2024,-1.0,-1.0,49.0,46.0,3018.0,1,1,1,1.0,43.0,45.0,1.0,5.0,10.0,21.0,88.0,31.0,6.0,2024-09-10
2024-09-10,2024,-2.0,-4.0,49.0,46.0,1405.0,1,1,1,1.0,43.0,45.0,1.0,5.0,10.0,21.0,88.0,31.0,6.0,2024-09-10
2024-09-10,2024,-1.0,5.0,49.0,46.0,1775.0,1,1,1,1.0,43.0,45.0,1.0,5.0,10.0,21.0,88.0,31.0,6.0,2024-09-10
2024-09-10,2024,1.0,-1.0,49.0,46.0,3204.0,1,1,1,1.0,43.0,45.0,1.0,5.0,10.0,21.0,88.0,31.0,6.0,2024-09-10
2024-09-10,2024,1.0,1.0,49.0,46.0,1174.0,1,1,1,1.0,43.0,45.0,1.0,5.0,10.0,21.0,88.0,31.0,6.0,2024-09-10
2024-09-10,2024,2.0,1.0,49.0,46.0,2756.0,1,1,1,1.0,43.0,45.0,1.0,5.0,10.0,21.0,88.0,31.0,6.0,2024-09-10
2024-09-10,2024,-2.0,3.0,49.0,46.0,2390.0,1,1,1,1.0,43.0,45.0,1.0,5.0,10.0,21.0,88.0,31.0,6.0,2024-09-10
