poll_id,debate_date,date,candidate,democratdum,republicandum,year,sample1,high_sample1,change_democrats,change_republicans,d_republicans,pre_democrats,pre_republicans,Immigration,ForeignPolicy,AbortionRights,aggressive,inflammatory,discriminatory,aggressive_d,aggressive_r,inflammatory_d,inflammatory_r,discriminatory_d,discriminatory_r
465.0,2008-10-07,2008-10-07,OBAMA,1.0,0.0,2008.0,838.0,0.0,-4.0,0.0,0.0,52.0,41.0,1,1,1,98,30,6,48,50,12,18,2,4
467.0,2008-10-07,2008-10-07,OBAMA,1.0,0.0,2008.0,3000.0,1.0,-1.0,4.0,0.0,51.0,41.0,1,1,1,98,30,6,48,50,12,18,2,4
468.0,2008-10-07,2008-10-07,OBAMA,1.0,0.0,2008.0,1200.0,1.0,-2.0,-2.0,0.0,50.0,45.0,1,1,1,98,30,6,48,50,12,18,2,4
469.0,2008-10-07,2008-10-07,OBAMA,1.0,0.0,2008.0,800.0,0.0,3.0,0.0,0.0,48.0,43.0,1,1,1,98,30,6,48,50,12,18,2,4
470.0,2008-10-07,2008-10-07,MCCAIN,0.0,1.0,2008.0,766.0,0.0,2.0,0.0,1.1428566,51.0,43.0,1,1,1,98,30,6,48,50,12,18,2,4
470.0,2008-10-07,2008-10-07,OBAMA,1.0,0.0,2008.0,766.0,0.0,2.0,0.0,1.1428566,51.0,43.0,1,1,1,98,30,6,48,50,12,18,2,4
471.0,2008-10-07,2008-10-07,MCCAIN,0.0,1.0,2008.0,761.0,0.0,-3.0,3.0,0.75,53.0,43.0,1,1,1,98,30,6,48,50,12,18,2,4
472.0,2008-10-07,2008-10-07,OBAMA,1.0,0.0,2008.0,1000.0,0.0,1.0,-4.0,0.0,50.0,46.0,1,1,1,98,30,6,48,50,12,18,2,4
473.0,2008-10-07,2008-10-07,OBAMA,1.0,0.0,2008.0,1191.0,1.0,-2.0,0.0,0.0,51.0,42.0,1,1,1,98,30,6,48,50,12,18,2,4
474.0,2008-10-07,2008-10-07,OBAMA,1.0,0.0,2008.0,1030.0,1.0,3.0,3.0,0.0,49.0,42.0,1,1,1,98,30,6,48,50,12,18,2,4
476.0,2008-10-07,2008-10-07,OBAMA,1.0,0.0,2008.0,829.0,0.0,0.0,3.0,0.0,48.0,39.0,1,1,1,98,30,6,48,50,12,18,2,4
477.0,2008-10-07,2008-10-07,OBAMA,1.0,0.0,2008.0,1208.0,1.0,1.0,1.0,0.0,48.0,42.0,1,1,1,98,30,6,48,50,12,18,2,4
478.0,2008-10-07,2008-10-07,OBAMA,1.0,0.0,2008.0,884.0,0.0,-4.0,-1.0,0.0,49.0,43.0,1,1,1,98,30,6,48,50,12,18,2,4
479.0,2008-10-07,2008-10-07,OBAMA,1.0,0.0,2008.0,2289.0,1.0,8.0,1.0,0.0,45.0,42.0,1,1,1,98,30,6,48,50,12,18,2,4
480.0,2008-10-07,2008-10-07,OBAMA,1.0,0.0,2008.0,1030.0,1.0,-3.0,-2.0,0.0,53.0,43.0,1,1,1,98,30,6,48,50,12,18,2,4
481.0,2008-10-07,2008-10-07,OBAMA,1.0,0.0,2008.0,2140.0,1.0,1.0,4.0,0.0,50.0,41.0,1,1,1,98,30,6,48,50,12,18,2,4
482.0,2008-10-07,2008-10-07,OBAMA,1.0,0.0,2008.0,699.0,0.0,2.0,-6.0,0.0,51.0,45.0,1,1,1,98,30,6,48,50,12,18,2,4
483.0,2008-10-07,2008-10-07,OBAMA,1.0,0.0,2008.0,800.0,0.0,0.0,1.0,0.0,53.0,39.0,1,1,1,98,30,6,48,50,12,18,2,4
484.0,2008-10-07,2008-10-07,OBAMA,1.0,0.0,2008.0,3000.0,1.0,-3.0,5.0,0.0,53.0,40.0,1,1,1,98,30,6,48,50,12,18,2,4
485.0,2008-10-15,2008-10-15,MCCAIN,0.0,1.0,2008.0,2277.0,1.0,1.0,-1.0,1.9333305,50.0,45.0,1,0,0,120,42,4,54,66,24,18,0,4
485.0,2008-10-07,2008-10-07,MCCAIN,0.0,1.0,2008.0,2277.0,1.0,1.0,-1.0,1.9333305,50.0,45.0,1,1,1,98,30,6,48,50,12,18,2,4
486.0,2008-10-07,2008-10-07,OBAMA,1.0,0.0,2008.0,1072.0,1.0,-4.0,-2.0,0.0,51.0,44.0,1,1,1,98,30,6,48,50,12,18,2,4
486.0,2008-10-15,2008-10-15,OBAMA,1.0,0.0,2008.0,1072.0,1.0,-4.0,-2.0,0.0,51.0,44.0,1,0,0,120,42,4,54,66,24,18,0,4
487.0,2008-10-15,2008-10-15,OBAMA,1.0,0.0,2008.0,2590.0,1.0,2.0,4.0,0.0,47.0,42.0,1,0,0,120,42,4,54,66,24,18,0,4
487.0,2008-10-07,2008-10-07,OBAMA,1.0,0.0,2008.0,2590.0,1.0,2.0,4.0,0.0,47.0,42.0,1,1,1,98,30,6,48,50,12,18,2,4
488.0,2008-10-15,2008-10-15,OBAMA,1.0,0.0,2008.0,3000.0,1.0,2.0,-1.0,0.0,49.0,46.0,1,0,0,120,42,4,54,66,24,18,0,4
488.0,2008-10-07,2008-10-07,OBAMA,1.0,0.0,2008.0,3000.0,1.0,2.0,-1.0,0.0,49.0,46.0,1,1,1,98,30,6,48,50,12,18,2,4
489.0,2008-10-07,2008-10-07,OBAMA,1.0,0.0,2008.0,1211.0,1.0,-3.0,0.0,0.0,51.0,45.0,1,1,1,98,30,6,48,50,12,18,2,4
489.0,2008-10-15,2008-10-15,OBAMA,1.0,0.0,2008.0,1211.0,1.0,-3.0,0.0,0.0,51.0,45.0,1,0,0,120,42,4,54,66,24,18,0,4
490.0,2008-10-07,2008-10-07,OBAMA,1.0,0.0,2008.0,785.0,0.0,0.0,-4.0,0.0,48.0,45.0,1,1,1,98,30,6,48,50,12,18,2,4
490.0,2008-10-15,2008-10-15,OBAMA,1.0,0.0,2008.0,785.0,0.0,0.0,-4.0,0.0,48.0,45.0,1,0,0,120,42,4,54,66,24,18,0,4
491.0,2008-10-07,2008-10-07,MCCAIN,0.0,1.0,2008.0,2382.0,1.0,5.0,-2.0,0.3666687,48.0,41.0,1,1,1,98,30,6,48,50,12,18,2,4
491.0,2008-10-15,2008-10-15,MCCAIN,0.0,1.0,2008.0,2382.0,1.0,5.0,-2.0,0.3666687,48.0,41.0,1,0,0,120,42,4,54,66,24,18,0,4
492.0,2008-10-15,2008-10-15,OBAMA,1.0,0.0,2008.0,1000.0,0.0,-4.0,6.0,0.0,53.0,39.0,1,0,0,120,42,4,54,66,24,18,0,4
492.0,2008-10-07,2008-10-07,OBAMA,1.0,0.0,2008.0,1000.0,0.0,-4.0,6.0,0.0,53.0,39.0,1,1,1,98,30,6,48,50,12,18,2,4
494.0,2008-10-15,2008-10-15,OBAMA,1.0,0.0,2008.0,1000.0,0.0,0.0,1.0,0.0,50.0,45.0,1,0,0,120,42,4,54,66,24,18,0,4
494.0,2008-10-07,2008-10-07,OBAMA,1.0,0.0,2008.0,1000.0,0.0,0.0,1.0,0.0,50.0,45.0,1,1,1,98,30,6,48,50,12,18,2,4
495.0,2008-10-07,2008-10-07,OBAMA,1.0,0.0,2008.0,764.0,0.0,1.0,0.0,0.0,50.0,46.0,1,1,1,98,30,6,48,50,12,18,2,4
495.0,2008-10-15,2008-10-15,OBAMA,1.0,0.0,2008.0,764.0,0.0,1.0,0.0,0.0,50.0,46.0,1,0,0,120,42,4,54,66,24,18,0,4
496.0,2008-10-15,2008-10-15,MCCAIN,0.0,1.0,2008.0,773.0,0.0,-1.0,-4.0,-1.8666687,51.0,46.0,1,0,0,120,42,4,54,66,24,18,0,4
496.0,2008-10-07,2008-10-07,MCCAIN,0.0,1.0,2008.0,773.0,0.0,-1.0,-4.0,-1.8666687,51.0,46.0,1,1,1,98,30,6,48,50,12,18,2,4
498.0,2008-10-07,2008-10-07,OBAMA,1.0,0.0,2008.0,800.0,0.0,-8.0,1.0,0.0,52.0,42.0,1,1,1,98,30,6,48,50,12,18,2,4
498.0,2008-10-15,2008-10-15,OBAMA,1.0,0.0,2008.0,800.0,0.0,-8.0,1.0,0.0,52.0,42.0,1,0,0,120,42,4,54,66,24,18,0,4
499.0,2008-10-15,2008-10-15,OBAMA,1.0,0.0,2008.0,936.0,0.0,5.0,-3.0,-2.333332,44.0,43.0,1,0,0,120,42,4,54,66,24,18,0,4
499.0,2008-10-07,2008-10-07,MCCAIN,0.0,1.0,2008.0,936.0,0.0,5.0,-3.0,-2.333332,44.0,43.0,1,1,1,98,30,6,48,50,12,18,2,4
499.0,2008-10-15,2008-10-15,MCCAIN,0.0,1.0,2008.0,936.0,0.0,5.0,-3.0,-2.333332,44.0,43.0,1,0,0,120,42,4,54,66,24,18,0,4
499.0,2008-10-07,2008-10-07,OBAMA,1.0,0.0,2008.0,936.0,0.0,5.0,-3.0,-2.333332,44.0,43.0,1,1,1,98,30,6,48,50,12,18,2,4
500.0,2008-10-15,2008-10-15,MCCAIN,0.0,1.0,2008.0,1206.0,1.0,3.0,0.0,2.5999985,49.0,40.0,1,0,0,120,42,4,54,66,24,18,0,4
500.0,2008-10-07,2008-10-07,MCCAIN,0.0,1.0,2008.0,1206.0,1.0,3.0,0.0,2.5999985,49.0,40.0,1,1,1,98,30,6,48,50,12,18,2,4
501.0,2008-10-07,2008-10-07,OBAMA,1.0,0.0,2008.0,769.0,0.0,-4.0,3.0,0.0,52.0,40.0,1,1,1,98,30,6,48,50,12,18,2,4
501.0,2008-10-15,2008-10-15,OBAMA,1.0,0.0,2008.0,769.0,0.0,-4.0,3.0,0.0,52.0,40.0,1,0,0,120,42,4,54,66,24,18,0,4
502.0,2008-10-15,2008-10-15,OBAMA,1.0,0.0,2008.0,771.0,0.0,4.0,-4.0,0.0,48.0,43.0,1,0,0,120,42,4,54,66,24,18,0,4
502.0,2008-10-07,2008-10-07,OBAMA,1.0,0.0,2008.0,771.0,0.0,4.0,-4.0,0.0,48.0,43.0,1,1,1,98,30,6,48,50,12,18,2,4
503.0,2008-10-07,2008-10-07,OBAMA,1.0,0.0,2008.0,1060.0,1.0,-7.0,5.0,0.0,52.0,39.0,1,1,1,98,30,6,48,50,12,18,2,4
503.0,2008-10-15,2008-10-15,OBAMA,1.0,0.0,2008.0,1060.0,1.0,-7.0,5.0,0.0,52.0,39.0,1,0,0,120,42,4,54,66,24,18,0,4
505.0,2008-10-07,2008-10-07,OBAMA,1.0,0.0,2008.0,1000.0,0.0,5.0,9.0,0.0,44.0,36.0,1,1,1,98,30,6,48,50,12,18,2,4
505.0,2008-10-15,2008-10-15,OBAMA,1.0,0.0,2008.0,1000.0,0.0,5.0,9.0,0.0,44.0,36.0,1,0,0,120,42,4,54,66,24,18,0,4
506.0,2008-10-07,2008-10-07,OBAMA,1.0,0.0,2008.0,2349.0,1.0,2.0,0.0,0.0,49.0,45.0,1,1,1,98,30,6,48,50,12,18,2,4
506.0,2008-10-15,2008-10-15,OBAMA,1.0,0.0,2008.0,2349.0,1.0,2.0,0.0,0.0,49.0,45.0,1,0,0,120,42,4,54,66,24,18,0,4
507.0,2008-10-07,2008-10-07,OBAMA,1.0,0.0,2008.0,2399.0,1.0,-1.0,1.0,0.0,51.0,45.0,1,1,1,98,30,6,48,50,12,18,2,4
507.0,2008-10-15,2008-10-15,OBAMA,1.0,0.0,2008.0,2399.0,1.0,-1.0,1.0,0.0,51.0,45.0,1,0,0,120,42,4,54,66,24,18,0,4
508.0,2008-10-07,2008-10-07,OBAMA,1.0,0.0,2008.0,1335.0,1.0,4.0,-3.0,0.0,50.0,46.0,1,1,1,98,30,6,48,50,12,18,2,4
508.0,2008-10-15,2008-10-15,OBAMA,1.0,0.0,2008.0,1335.0,1.0,4.0,-3.0,0.0,50.0,46.0,1,0,0,120,42,4,54,66,24,18,0,4
509.0,2008-10-07,2008-10-07,OBAMA,1.0,0.0,2008.0,3000.0,1.0,-2.0,2.0,0.0,54.0,43.0,1,1,1,98,30,6,48,50,12,18,2,4
509.0,2008-10-15,2008-10-15,OBAMA,1.0,0.0,2008.0,3000.0,1.0,-2.0,2.0,0.0,54.0,43.0,1,0,0,120,42,4,54,66,24,18,0,4
510.0,2008-10-15,2008-10-15,OBAMA,1.0,0.0,2008.0,882.0,0.0,1.0,-4.0,-1.5999985,52.0,45.0,1,0,0,120,42,4,54,66,24,18,0,4
510.0,2008-10-07,2008-10-07,OBAMA,1.0,0.0,2008.0,882.0,0.0,1.0,-4.0,-1.5999985,52.0,45.0,1,1,1,98,30,6,48,50,12,18,2,4
510.0,2008-10-15,2008-10-15,MCCAIN,0.0,1.0,2008.0,882.0,0.0,1.0,-4.0,-1.5999985,52.0,45.0,1,0,0,120,42,4,54,66,24,18,0,4
510.0,2008-10-07,2008-10-07,MCCAIN,0.0,1.0,2008.0,882.0,0.0,1.0,-4.0,-1.5999985,52.0,45.0,1,1,1,98,30,6,48,50,12,18,2,4
511.0,2008-10-07,2008-10-07,MCCAIN,0.0,1.0,2008.0,824.0,0.0,-6.0,3.0,2.7777786,53.0,41.0,1,1,1,98,30,6,48,50,12,18,2,4
511.0,2008-10-15,2008-10-15,MCCAIN,0.0,1.0,2008.0,824.0,0.0,-6.0,3.0,2.7777786,53.0,41.0,1,0,0,120,42,4,54,66,24,18,0,4
512.0,2008-10-07,2008-10-07,OBAMA,1.0,0.0,2008.0,1198.0,1.0,6.0,-6.0,0.0,47.0,44.0,1,1,1,98,30,6,48,50,12,18,2,4
512.0,2008-10-15,2008-10-15,OBAMA,1.0,0.0,2008.0,1198.0,1.0,6.0,-6.0,0.0,47.0,44.0,1,0,0,120,42,4,54,66,24,18,0,4
513.0,2008-10-07,2008-10-07,OBAMA,1.0,0.0,2008.0,2446.0,1.0,-3.0,7.0,0.0,53.0,38.0,1,1,1,98,30,6,48,50,12,18,2,4
513.0,2008-10-15,2008-10-15,OBAMA,1.0,0.0,2008.0,2446.0,1.0,-3.0,7.0,0.0,53.0,38.0,1,0,0,120,42,4,54,66,24,18,0,4
514.0,2008-10-15,2008-10-15,OBAMA,1.0,0.0,2008.0,1000.0,0.0,-1.0,1.0,0.0,50.0,45.0,1,0,0,120,42,4,54,66,24,18,0,4
514.0,2008-10-07,2008-10-07,OBAMA,1.0,0.0,2008.0,1000.0,0.0,-1.0,1.0,0.0,50.0,45.0,1,1,1,98,30,6,48,50,12,18,2,4
515.0,2008-10-15,2008-10-15,OBAMA,1.0,0.0,2008.0,879.0,0.0,1.0,-4.0,0.0,49.0,46.0,1,0,0,120,42,4,54,66,24,18,0,4
515.0,2008-10-07,2008-10-07,OBAMA,1.0,0.0,2008.0,879.0,0.0,1.0,-4.0,0.0,49.0,46.0,1,1,1,98,30,6,48,50,12,18,2,4
516.0,2008-10-15,2008-10-15,OBAMA,1.0,0.0,2008.0,1314.0,1.0,2.0,3.0,0.0,50.0,42.0,1,0,0,120,42,4,54,66,24,18,0,4
516.0,2008-10-07,2008-10-07,OBAMA,1.0,0.0,2008.0,1314.0,1.0,2.0,3.0,0.0,50.0,42.0,1,1,1,98,30,6,48,50,12,18,2,4
517.0,2008-10-15,2008-10-15,OBAMA,1.0,0.0,2008.0,3000.0,1.0,-1.0,1.0,0.0,52.0,45.0,1,0,0,120,42,4,54,66,24,18,0,4
517.0,2008-10-07,2008-10-07,OBAMA,1.0,0.0,2008.0,3000.0,1.0,-1.0,1.0,0.0,52.0,45.0,1,1,1,98,30,6,48,50,12,18,2,4
518.0,2008-10-15,2008-10-15,OBAMA,1.0,0.0,2008.0,2343.0,1.0,2.0,-3.0,0.0,51.0,46.0,1,0,0,120,42,4,54,66,24,18,0,4
518.0,2008-10-07,2008-10-07,OBAMA,1.0,0.0,2008.0,2343.0,1.0,2.0,-3.0,0.0,51.0,46.0,1,1,1,98,30,6,48,50,12,18,2,4
519.0,2008-10-07,2008-10-07,OBAMA,1.0,0.0,2008.0,1203.0,1.0,-3.0,2.0,0.0,53.0,43.0,1,1,1,98,30,6,48,50,12,18,2,4
519.0,2008-10-15,2008-10-15,OBAMA,1.0,0.0,2008.0,1203.0,1.0,-3.0,2.0,0.0,53.0,43.0,1,0,0,120,42,4,54,66,24,18,0,4
520.0,2008-10-15,2008-10-15,OBAMA,1.0,0.0,2008.0,831.0,0.0,0.0,0.0,1.2222214,50.0,45.0,1,0,0,120,42,4,54,66,24,18,0,4
520.0,2008-10-07,2008-10-07,MCCAIN,0.0,1.0,2008.0,831.0,0.0,0.0,0.0,1.2222214,50.0,45.0,1,1,1,98,30,6,48,50,12,18,2,4
520.0,2008-10-07,2008-10-07,OBAMA,1.0,0.0,2008.0,831.0,0.0,0.0,0.0,1.2222214,50.0,45.0,1,1,1,98,30,6,48,50,12,18,2,4
520.0,2008-10-15,2008-10-15,MCCAIN,0.0,1.0,2008.0,831.0,0.0,0.0,0.0,1.2222214,50.0,45.0,1,0,0,120,42,4,54,66,24,18,0,4
521.0,2008-10-15,2008-10-15,MCCAIN,0.0,1.0,2008.0,543.0,0.0,0.0,-2.0,-2.25,50.0,45.0,1,0,0,120,42,4,54,66,24,18,0,4
523.0,2008-10-15,2008-10-15,OBAMA,1.0,0.0,2008.0,924.0,0.0,4.0,1.0,0.0,43.0,43.0,1,0,0,120,42,4,54,66,24,18,0,4
524.0,2008-10-15,2008-10-15,OBAMA,1.0,0.0,2008.0,1005.0,1.0,5.0,-3.0,0.0,47.0,44.0,1,0,0,120,42,4,54,66,24,18,0,4
525.0,2008-10-15,2008-10-15,MCCAIN,0.0,1.0,2008.0,2587.0,1.0,0.0,5.0,1.75,52.0,41.0,1,0,0,120,42,4,54,66,24,18,0,4
526.0,2008-10-15,2008-10-15,OBAMA,1.0,0.0,2008.0,2503.0,1.0,-1.0,-3.0,0.0,52.0,46.0,1,0,0,120,42,4,54,66,24,18,0,4
527.0,2008-10-15,2008-10-15,OBAMA,1.0,0.0,2008.0,714.0,0.0,2.0,3.0,0.0,51.0,43.0,1,0,0,120,42,4,54,66,24,18,0,4
528.0,2008-10-15,2008-10-15,OBAMA,1.0,0.0,2008.0,2475.0,1.0,-1.0,-3.0,0.0,53.0,46.0,1,0,0,120,42,4,54,66,24,18,0,4
529.0,2008-10-15,2008-10-15,MCCAIN,0.0,1.0,2008.0,2470.0,1.0,1.0,1.0,-0.625,52.0,43.0,1,0,0,120,42,4,54,66,24,18,0,4
530.0,2008-10-15,2008-10-15,OBAMA,1.0,0.0,2008.0,1011.0,1.0,-2.0,-1.0,0.0,53.0,44.0,1,0,0,120,42,4,54,66,24,18,0,4
531.0,2008-10-15,2008-10-15,OBAMA,1.0,0.0,2008.0,800.0,0.0,-1.0,1.0,0.0,51.0,43.0,1,0,0,120,42,4,54,66,24,18,0,4
532.0,2008-10-15,2008-10-15,OBAMA,1.0,0.0,2008.0,2472.0,1.0,5.0,0.0,0.0,50.0,44.0,1,0,0,120,42,4,54,66,24,18,0,4
533.0,2008-10-15,2008-10-15,OBAMA,1.0,0.0,2008.0,760.0,0.0,-2.0,2.0,0.0,55.0,44.0,1,0,0,120,42,4,54,66,24,18,0,4
534.0,2008-10-15,2008-10-15,OBAMA,1.0,0.0,2008.0,714.0,0.0,-2.0,-4.0,0.0,53.0,46.0,1,0,0,120,42,4,54,66,24,18,0,4
535.0,2008-10-15,2008-10-15,OBAMA,1.0,0.0,2008.0,971.0,0.0,-1.0,1.0,0.0,51.0,42.0,1,0,0,120,42,4,54,66,24,18,0,4
536.0,2008-10-15,2008-10-15,OBAMA,1.0,0.0,2008.0,887.0,0.0,0.0,2.0,0.0,50.0,43.0,1,0,0,120,42,4,54,66,24,18,0,4
537.0,2008-10-15,2008-10-15,MCCAIN,0.0,1.0,2008.0,3000.0,1.0,2.0,1.0,1.1964302,50.0,45.0,1,0,0,120,42,4,54,66,24,18,0,4
538.0,2008-10-15,2008-10-15,OBAMA,1.0,0.0,2008.0,800.0,0.0,0.0,1.0,0.0,52.0,46.0,1,0,0,120,42,4,54,66,24,18,0,4
539.0,2008-10-15,2008-10-15,OBAMA,1.0,0.0,2008.0,804.0,0.0,0.0,-4.0,0.0,52.0,47.0,1,0,0,120,42,4,54,66,24,18,0,4
540.0,2008-10-15,2008-10-15,OBAMA,1.0,0.0,2008.0,800.0,0.0,-2.0,5.0,0.0,52.0,43.0,1,0,0,120,42,4,54,66,24,18,0,4
541.0,2008-10-15,2008-10-15,OBAMA,1.0,0.0,2008.0,1201.0,1.0,4.0,-5.0,0.0,50.0,48.0,1,0,0,120,42,4,54,66,24,18,0,4
543.0,2008-10-15,2008-10-15,OBAMA,1.0,0.0,2008.0,981.0,0.0,-0.099998474,-0.5,0.0,52.1,44.5,1,0,0,120,42,4,54,66,24,18,0,4
797.0,2012-10-03,2012-10-03,OBAMA,1.0,0.0,2012.0,3050.0,1.0,3.0,-3.0,-2.0,46.0,48.0,1,1,0,126,14,8,62,64,12,2,6,2
798.0,2012-10-03,2012-10-03,ROMNEY,0.0,1.0,2012.0,1500.0,1.0,0.0,2.0,0.0,49.0,45.0,1,1,0,126,14,8,62,64,12,2,6,2
799.0,2012-10-03,2012-10-03,ROMNEY,0.0,1.0,2012.0,2118.0,1.0,-7.0,-1.0,0.0,49.0,47.0,1,1,0,126,14,8,62,64,12,2,6,2
800.0,2012-10-03,2012-10-03,OBAMA,1.0,0.0,2012.0,1000.0,0.0,7.0,2.0,2.0,42.0,46.0,1,1,0,126,14,8,62,64,12,2,6,2
801.0,2012-10-03,2012-10-03,ROMNEY,0.0,1.0,2012.0,1901.0,1.0,-1.0,0.0,0.0,49.0,48.0,1,1,0,126,14,8,62,64,12,2,6,2
802.0,2012-10-03,2012-10-03,ROMNEY,0.0,1.0,2012.0,1500.0,1.0,-1.0,1.0,1.0,48.0,48.0,1,1,0,126,14,8,62,64,12,2,6,2
802.0,2012-10-03,2012-10-03,OBAMA,1.0,0.0,2012.0,1500.0,1.0,-1.0,1.0,1.0,48.0,48.0,1,1,0,126,14,8,62,64,12,2,6,2
803.0,2012-10-03,2012-10-03,OBAMA,1.0,0.0,2012.0,1112.0,1.0,-2.0,0.0,-2.0,47.0,49.0,1,1,0,126,14,8,62,64,12,2,6,2
804.0,2012-10-03,2012-10-03,ROMNEY,0.0,1.0,2012.0,800.0,0.0,0.0,-4.0,0.0,45.0,49.0,1,1,0,126,14,8,62,64,12,2,6,2
805.0,2012-10-03,2012-10-03,OBAMA,1.0,0.0,2012.0,1109.0,1.0,0.0,1.0,-3.5,45.0,45.0,1,1,0,126,14,8,62,64,12,2,6,2
806.0,2012-10-03,2012-10-03,ROMNEY,0.0,1.0,2012.0,1000.0,0.0,-2.0,-5.0,0.0,45.0,46.0,1,1,0,126,14,8,62,64,12,2,6,2
807.0,2012-10-03,2012-10-03,OBAMA,1.0,0.0,2012.0,2700.0,1.0,4.0,7.0,2.166668,43.0,41.0,1,1,0,126,14,8,62,64,12,2,6,2
808.0,2012-10-03,2012-10-03,ROMNEY,0.0,1.0,2012.0,838.0,0.0,1.0,-4.0,0.0,47.0,48.0,1,1,0,126,14,8,62,64,12,2,6,2
810.0,2012-10-03,2012-10-03,ROMNEY,0.0,1.0,2012.0,700.0,0.0,-1.0,1.0,0.0,46.0,44.0,1,1,0,126,14,8,62,64,12,2,6,2
811.0,2012-10-03,2012-10-03,ROMNEY,0.0,1.0,2012.0,1360.0,1.0,1.0,2.0,0.0,45.0,45.0,1,1,0,126,14,8,62,64,12,2,6,2
812.0,2012-10-03,2012-10-03,ROMNEY,0.0,1.0,2012.0,3050.0,1.0,2.0,-1.0,0.0,46.0,47.0,1,1,0,126,14,8,62,64,12,2,6,2
813.0,2012-10-03,2012-10-03,ROMNEY,0.0,1.0,2012.0,1000.0,0.0,1.0,2.0,2.333332,48.0,46.0,1,1,0,126,14,8,62,64,12,2,6,2
813.0,2012-10-11,2012-10-11,BIDEN,1.0,0.0,2012.0,1000.0,0.0,1.0,2.0,2.333332,48.0,46.0,0,0,0,126,24,10,48,78,8,16,6,4
813.0,2012-10-03,2012-10-03,OBAMA,1.0,0.0,2012.0,1000.0,0.0,1.0,2.0,2.333332,48.0,46.0,1,1,0,126,14,8,62,64,12,2,6,2
814.0,2012-10-03,2012-10-03,OBAMA,1.0,0.0,2012.0,923.0,0.0,0.0,-2.0,-2.0,49.0,48.0,1,1,0,126,14,8,62,64,12,2,6,2
814.0,2012-10-11,2012-10-11,BIDEN,1.0,0.0,2012.0,923.0,0.0,0.0,-2.0,-2.0,49.0,48.0,0,0,0,126,24,10,48,78,8,16,6,4
814.0,2012-10-03,2012-10-03,ROMNEY,0.0,1.0,2012.0,923.0,0.0,0.0,-2.0,-2.0,49.0,48.0,1,1,0,126,14,8,62,64,12,2,6,2
815.0,2012-10-16,2012-10-16,ROMNEY,0.0,1.0,2012.0,1023.0,1.0,-1.0,-1.0,-1.0,49.0,46.0,1,1,0,146,12,8,68,78,4,8,4,4
815.0,2012-10-03,2012-10-03,OBAMA,1.0,0.0,2012.0,1023.0,1.0,-1.0,-1.0,-1.0,49.0,46.0,1,1,0,126,14,8,62,64,12,2,6,2
815.0,2012-10-16,2012-10-16,OBAMA,1.0,0.0,2012.0,1023.0,1.0,-1.0,-1.0,-1.0,49.0,46.0,1,1,0,146,12,8,68,78,4,8,4,4
815.0,2012-10-03,2012-10-03,ROMNEY,0.0,1.0,2012.0,1023.0,1.0,-1.0,-1.0,-1.0,49.0,46.0,1,1,0,126,14,8,62,64,12,2,6,2
815.0,2012-10-11,2012-10-11,BIDEN,1.0,0.0,2012.0,1023.0,1.0,-1.0,-1.0,-1.0,49.0,46.0,0,0,0,126,24,10,48,78,8,16,6,4
816.0,2012-10-16,2012-10-16,OBAMA,1.0,0.0,2012.0,1000.0,0.0,0.0,0.0,-1.5,48.0,45.0,1,1,0,146,12,8,68,78,4,8,4,4
816.0,2012-10-03,2012-10-03,OBAMA,1.0,0.0,2012.0,1000.0,0.0,0.0,0.0,-1.5,48.0,45.0,1,1,0,126,14,8,62,64,12,2,6,2
816.0,2012-10-11,2012-10-11,BIDEN,1.0,0.0,2012.0,1000.0,0.0,0.0,0.0,-1.5,48.0,45.0,0,0,0,126,24,10,48,78,8,16,6,4
817.0,2012-10-03,2012-10-03,ROMNEY,0.0,1.0,2012.0,1000.0,0.0,-5.0,-3.0,0.0,48.0,45.0,1,1,0,126,14,8,62,64,12,2,6,2
817.0,2012-10-11,2012-10-11,BIDEN,1.0,0.0,2012.0,1000.0,0.0,-5.0,-3.0,0.0,48.0,45.0,0,0,0,126,24,10,48,78,8,16,6,4
817.0,2012-10-16,2012-10-16,ROMNEY,0.0,1.0,2012.0,1000.0,0.0,-5.0,-3.0,0.0,48.0,45.0,1,1,0,146,12,8,68,78,4,8,4,4
818.0,2012-10-03,2012-10-03,OBAMA,1.0,0.0,2012.0,1000.0,0.0,2.0,3.0,3.5,43.0,42.0,1,1,0,126,14,8,62,64,12,2,6,2
818.0,2012-10-16,2012-10-16,OBAMA,1.0,0.0,2012.0,1000.0,0.0,2.0,3.0,3.5,43.0,42.0,1,1,0,146,12,8,68,78,4,8,4,4
818.0,2012-10-11,2012-10-11,BIDEN,1.0,0.0,2012.0,1000.0,0.0,2.0,3.0,3.5,43.0,42.0,0,0,0,126,24,10,48,78,8,16,6,4
819.0,2012-10-16,2012-10-16,ROMNEY,0.0,1.0,2012.0,1000.0,0.0,2.0,4.0,0.0,45.0,45.0,1,1,0,146,12,8,68,78,4,8,4,4
819.0,2012-10-11,2012-10-11,BIDEN,1.0,0.0,2012.0,1000.0,0.0,2.0,4.0,0.0,45.0,45.0,0,0,0,126,24,10,48,78,8,16,6,4
819.0,2012-10-03,2012-10-03,ROMNEY,0.0,1.0,2012.0,1000.0,0.0,2.0,4.0,0.0,45.0,45.0,1,1,0,126,14,8,62,64,12,2,6,2
820.0,2012-10-03,2012-10-03,OBAMA,1.0,0.0,2012.0,766.0,0.0,1.0,-9.0,-7.0,47.0,49.0,1,1,0,126,14,8,62,64,12,2,6,2
820.0,2012-10-16,2012-10-16,ROMNEY,0.0,1.0,2012.0,766.0,0.0,1.0,-9.0,-7.0,47.0,49.0,1,1,0,146,12,8,68,78,4,8,4,4
820.0,2012-10-16,2012-10-16,OBAMA,1.0,0.0,2012.0,766.0,0.0,1.0,-9.0,-7.0,47.0,49.0,1,1,0,146,12,8,68,78,4,8,4,4
820.0,2012-10-11,2012-10-11,BIDEN,1.0,0.0,2012.0,766.0,0.0,1.0,-9.0,-7.0,47.0,49.0,0,0,0,126,24,10,48,78,8,16,6,4
820.0,2012-10-03,2012-10-03,ROMNEY,0.0,1.0,2012.0,766.0,0.0,1.0,-9.0,-7.0,47.0,49.0,1,1,0,126,14,8,62,64,12,2,6,2
821.0,2012-10-16,2012-10-16,OBAMA,1.0,0.0,2012.0,816.0,0.0,-1.0,7.0,6.666668,48.0,40.0,1,1,0,146,12,8,68,78,4,8,4,4
821.0,2012-10-11,2012-10-11,BIDEN,1.0,0.0,2012.0,816.0,0.0,-1.0,7.0,6.666668,48.0,40.0,0,0,0,126,24,10,48,78,8,16,6,4
821.0,2012-10-03,2012-10-03,OBAMA,1.0,0.0,2012.0,816.0,0.0,-1.0,7.0,6.666668,48.0,40.0,1,1,0,126,14,8,62,64,12,2,6,2
822.0,2012-10-03,2012-10-03,ROMNEY,0.0,1.0,2012.0,790.0,0.0,1.0,-1.0,0.0,47.0,47.0,1,1,0,126,14,8,62,64,12,2,6,2
822.0,2012-10-16,2012-10-16,ROMNEY,0.0,1.0,2012.0,790.0,0.0,1.0,-1.0,0.0,47.0,47.0,1,1,0,146,12,8,68,78,4,8,4,4
822.0,2012-10-11,2012-10-11,BIDEN,1.0,0.0,2012.0,790.0,0.0,1.0,-1.0,0.0,47.0,47.0,0,0,0,126,24,10,48,78,8,16,6,4
823.0,2012-10-03,2012-10-03,ROMNEY,0.0,1.0,2012.0,800.0,0.0,2.0,1.0,0.0,48.0,46.0,1,1,0,126,14,8,62,64,12,2,6,2
823.0,2012-10-16,2012-10-16,ROMNEY,0.0,1.0,2012.0,800.0,0.0,2.0,1.0,0.0,48.0,46.0,1,1,0,146,12,8,68,78,4,8,4,4
823.0,2012-10-11,2012-10-11,BIDEN,1.0,0.0,2012.0,800.0,0.0,2.0,1.0,0.0,48.0,46.0,0,0,0,126,24,10,48,78,8,16,6,4
824.0,2012-10-16,2012-10-16,ROMNEY,0.0,1.0,2012.0,1402.0,1.0,-5.0,1.0,1.3333321,50.0,47.0,1,1,0,146,12,8,68,78,4,8,4,4
824.0,2012-10-03,2012-10-03,OBAMA,1.0,0.0,2012.0,1402.0,1.0,-5.0,1.0,1.3333321,50.0,47.0,1,1,0,126,14,8,62,64,12,2,6,2
824.0,2012-10-03,2012-10-03,ROMNEY,0.0,1.0,2012.0,1402.0,1.0,-5.0,1.0,1.3333321,50.0,47.0,1,1,0,126,14,8,62,64,12,2,6,2
824.0,2012-10-16,2012-10-16,OBAMA,1.0,0.0,2012.0,1402.0,1.0,-5.0,1.0,1.3333321,50.0,47.0,1,1,0,146,12,8,68,78,4,8,4,4
824.0,2012-10-11,2012-10-11,BIDEN,1.0,0.0,2012.0,1402.0,1.0,-5.0,1.0,1.3333321,50.0,47.0,0,0,0,126,24,10,48,78,8,16,6,4
825.0,2012-10-03,2012-10-03,ROMNEY,0.0,1.0,2012.0,839.0,0.0,0.0,-1.0,-1.0,45.0,48.0,1,1,0,126,14,8,62,64,12,2,6,2
825.0,2012-10-11,2012-10-11,BIDEN,1.0,0.0,2012.0,839.0,0.0,0.0,-1.0,-1.0,45.0,48.0,0,0,0,126,24,10,48,78,8,16,6,4
825.0,2012-10-03,2012-10-03,OBAMA,1.0,0.0,2012.0,839.0,0.0,0.0,-1.0,-1.0,45.0,48.0,1,1,0,126,14,8,62,64,12,2,6,2
825.0,2012-10-22,2012-10-22,OBAMA,1.0,0.0,2012.0,839.0,0.0,0.0,-1.0,-1.0,45.0,48.0,1,1,0,144,24,6,68,76,16,8,2,4
825.0,2012-10-16,2012-10-16,ROMNEY,0.0,1.0,2012.0,839.0,0.0,0.0,-1.0,-1.0,45.0,48.0,1,1,0,146,12,8,68,78,4,8,4,4
825.0,2012-10-22,2012-10-22,ROMNEY,0.0,1.0,2012.0,839.0,0.0,0.0,-1.0,-1.0,45.0,48.0,1,1,0,144,24,6,68,76,16,8,2,4
825.0,2012-10-16,2012-10-16,OBAMA,1.0,0.0,2012.0,839.0,0.0,0.0,-1.0,-1.0,45.0,48.0,1,1,0,146,12,8,68,78,4,8,4,4
826.0,2012-10-11,2012-10-11,BIDEN,1.0,0.0,2012.0,1000.0,0.0,4.0,1.0,-0.33333206,45.0,47.0,0,0,0,126,24,10,48,78,8,16,6,4
826.0,2012-10-22,2012-10-22,OBAMA,1.0,0.0,2012.0,1000.0,0.0,4.0,1.0,-0.33333206,45.0,47.0,1,1,0,144,24,6,68,76,16,8,2,4
826.0,2012-10-16,2012-10-16,OBAMA,1.0,0.0,2012.0,1000.0,0.0,4.0,1.0,-0.33333206,45.0,47.0,1,1,0,146,12,8,68,78,4,8,4,4
827.0,2012-10-22,2012-10-22,ROMNEY,0.0,1.0,2012.0,1000.0,0.0,-2.0,0.0,0.0,49.0,48.0,1,1,0,144,24,6,68,76,16,8,2,4
827.0,2012-10-16,2012-10-16,ROMNEY,0.0,1.0,2012.0,1000.0,0.0,-2.0,0.0,0.0,49.0,48.0,1,1,0,146,12,8,68,78,4,8,4,4
827.0,2012-10-11,2012-10-11,BIDEN,1.0,0.0,2012.0,1000.0,0.0,-2.0,0.0,0.0,49.0,48.0,0,0,0,126,24,10,48,78,8,16,6,4
828.0,2012-10-22,2012-10-22,ROMNEY,0.0,1.0,2012.0,1000.0,0.0,-5.0,-4.0,0.0,47.0,48.0,1,1,0,144,24,6,68,76,16,8,2,4
828.0,2012-10-11,2012-10-11,BIDEN,1.0,0.0,2012.0,1000.0,0.0,-5.0,-4.0,0.0,47.0,48.0,0,0,0,126,24,10,48,78,8,16,6,4
828.0,2012-10-16,2012-10-16,ROMNEY,0.0,1.0,2012.0,1000.0,0.0,-5.0,-4.0,0.0,47.0,48.0,1,1,0,146,12,8,68,78,4,8,4,4
829.0,2012-10-16,2012-10-16,OBAMA,1.0,0.0,2012.0,930.0,0.0,3.0,0.0,-1.1666679,42.0,44.0,1,1,0,146,12,8,68,78,4,8,4,4
829.0,2012-10-22,2012-10-22,OBAMA,1.0,0.0,2012.0,930.0,0.0,3.0,0.0,-1.1666679,42.0,44.0,1,1,0,144,24,6,68,76,16,8,2,4
829.0,2012-10-11,2012-10-11,BIDEN,1.0,0.0,2012.0,930.0,0.0,3.0,0.0,-1.1666679,42.0,44.0,0,0,0,126,24,10,48,78,8,16,6,4
830.0,2012-10-22,2012-10-22,ROMNEY,0.0,1.0,2012.0,908.0,0.0,2.0,3.0,0.0,45.0,44.0,1,1,0,144,24,6,68,76,16,8,2,4
830.0,2012-10-16,2012-10-16,ROMNEY,0.0,1.0,2012.0,908.0,0.0,2.0,3.0,0.0,45.0,44.0,1,1,0,146,12,8,68,78,4,8,4,4
830.0,2012-10-11,2012-10-11,BIDEN,1.0,0.0,2012.0,908.0,0.0,2.0,3.0,0.0,45.0,44.0,0,0,0,126,24,10,48,78,8,16,6,4
831.0,2012-10-22,2012-10-22,OBAMA,1.0,0.0,2012.0,563.0,0.0,1.0,0.0,0.83333206,47.0,47.0,1,1,0,144,24,6,68,76,16,8,2,4
831.0,2012-10-16,2012-10-16,OBAMA,1.0,0.0,2012.0,563.0,0.0,1.0,0.0,0.83333206,47.0,47.0,1,1,0,146,12,8,68,78,4,8,4,4
831.0,2012-10-11,2012-10-11,BIDEN,1.0,0.0,2012.0,563.0,0.0,1.0,0.0,0.83333206,47.0,47.0,0,0,0,126,24,10,48,78,8,16,6,4
832.0,2012-10-22,2012-10-22,ROMNEY,0.0,1.0,2012.0,713.0,0.0,2.0,-2.0,0.0,48.0,47.0,1,1,0,144,24,6,68,76,16,8,2,4
832.0,2012-10-11,2012-10-11,BIDEN,1.0,0.0,2012.0,713.0,0.0,2.0,-2.0,0.0,48.0,47.0,0,0,0,126,24,10,48,78,8,16,6,4
832.0,2012-10-16,2012-10-16,ROMNEY,0.0,1.0,2012.0,713.0,0.0,2.0,-2.0,0.0,48.0,47.0,1,1,0,146,12,8,68,78,4,8,4,4
833.0,2012-10-16,2012-10-16,ROMNEY,0.0,1.0,2012.0,1495.0,1.0,-3.0,2.0,0.0,50.0,45.0,1,1,0,146,12,8,68,78,4,8,4,4
833.0,2012-10-11,2012-10-11,BIDEN,1.0,0.0,2012.0,1495.0,1.0,-3.0,2.0,0.0,50.0,45.0,0,0,0,126,24,10,48,78,8,16,6,4
833.0,2012-10-22,2012-10-22,ROMNEY,0.0,1.0,2012.0,1495.0,1.0,-3.0,2.0,0.0,50.0,45.0,1,1,0,144,24,6,68,76,16,8,2,4
834.0,2012-10-22,2012-10-22,OBAMA,1.0,0.0,2012.0,1128.0,1.0,-1.0,-1.0,1.6666679,47.0,47.0,1,1,0,144,24,6,68,76,16,8,2,4
834.0,2012-10-11,2012-10-11,BIDEN,1.0,0.0,2012.0,1128.0,1.0,-1.0,-1.0,1.6666679,47.0,47.0,0,0,0,126,24,10,48,78,8,16,6,4
834.0,2012-10-16,2012-10-16,OBAMA,1.0,0.0,2012.0,1128.0,1.0,-1.0,-1.0,1.6666679,47.0,47.0,1,1,0,146,12,8,68,78,4,8,4,4
835.0,2012-10-16,2012-10-16,ROMNEY,0.0,1.0,2012.0,921.0,0.0,-1.0,4.0,0.0,46.0,46.0,1,1,0,146,12,8,68,78,4,8,4,4
835.0,2012-10-22,2012-10-22,ROMNEY,0.0,1.0,2012.0,921.0,0.0,-1.0,4.0,0.0,46.0,46.0,1,1,0,144,24,6,68,76,16,8,2,4
835.0,2012-10-11,2012-10-11,BIDEN,1.0,0.0,2012.0,921.0,0.0,-1.0,4.0,0.0,46.0,46.0,0,0,0,126,24,10,48,78,8,16,6,4
836.0,2012-10-11,2012-10-11,BIDEN,1.0,0.0,2012.0,2294.0,1.0,2.0,-8.0,-6.0,45.0,50.0,0,0,0,126,24,10,48,78,8,16,6,4
836.0,2012-10-16,2012-10-16,OBAMA,1.0,0.0,2012.0,2294.0,1.0,2.0,-8.0,-6.0,45.0,50.0,1,1,0,146,12,8,68,78,4,8,4,4
836.0,2012-10-16,2012-10-16,ROMNEY,0.0,1.0,2012.0,2294.0,1.0,2.0,-8.0,-6.0,45.0,50.0,1,1,0,146,12,8,68,78,4,8,4,4
836.0,2012-10-22,2012-10-22,ROMNEY,0.0,1.0,2012.0,2294.0,1.0,2.0,-8.0,-6.0,45.0,50.0,1,1,0,144,24,6,68,76,16,8,2,4
836.0,2012-10-22,2012-10-22,OBAMA,1.0,0.0,2012.0,2294.0,1.0,2.0,-8.0,-6.0,45.0,50.0,1,1,0,144,24,6,68,76,16,8,2,4
837.0,2012-10-16,2012-10-16,ROMNEY,0.0,1.0,2012.0,1000.0,0.0,1.0,6.0,6.0,47.0,42.0,1,1,0,146,12,8,68,78,4,8,4,4
837.0,2012-10-22,2012-10-22,OBAMA,1.0,0.0,2012.0,1000.0,0.0,1.0,6.0,6.0,47.0,42.0,1,1,0,144,24,6,68,76,16,8,2,4
837.0,2012-10-22,2012-10-22,ROMNEY,0.0,1.0,2012.0,1000.0,0.0,1.0,6.0,6.0,47.0,42.0,1,1,0,144,24,6,68,76,16,8,2,4
837.0,2012-10-16,2012-10-16,OBAMA,1.0,0.0,2012.0,1000.0,0.0,1.0,6.0,6.0,47.0,42.0,1,1,0,146,12,8,68,78,4,8,4,4
838.0,2012-10-22,2012-10-22,OBAMA,1.0,0.0,2012.0,1000.0,0.0,-6.0,-7.0,-7.0,48.0,48.0,1,1,0,144,24,6,68,76,16,8,2,4
838.0,2012-10-16,2012-10-16,ROMNEY,0.0,1.0,2012.0,1000.0,0.0,-6.0,-7.0,-7.0,48.0,48.0,1,1,0,146,12,8,68,78,4,8,4,4
838.0,2012-10-16,2012-10-16,OBAMA,1.0,0.0,2012.0,1000.0,0.0,-6.0,-7.0,-7.0,48.0,48.0,1,1,0,146,12,8,68,78,4,8,4,4
838.0,2012-10-22,2012-10-22,ROMNEY,0.0,1.0,2012.0,1000.0,0.0,-6.0,-7.0,-7.0,48.0,48.0,1,1,0,144,24,6,68,76,16,8,2,4
839.0,2012-10-22,2012-10-22,OBAMA,1.0,0.0,2012.0,2709.0,1.0,8.0,6.0,5.25,42.0,41.0,1,1,0,144,24,6,68,76,16,8,2,4
839.0,2012-10-16,2012-10-16,OBAMA,1.0,0.0,2012.0,2709.0,1.0,8.0,6.0,5.25,42.0,41.0,1,1,0,146,12,8,68,78,4,8,4,4
840.0,2012-10-16,2012-10-16,ROMNEY,0.0,1.0,2012.0,1475.0,1.0,-2.0,0.0,0.0,50.0,47.0,1,1,0,146,12,8,68,78,4,8,4,4
840.0,2012-10-22,2012-10-22,ROMNEY,0.0,1.0,2012.0,1475.0,1.0,-2.0,0.0,0.0,50.0,47.0,1,1,0,144,24,6,68,76,16,8,2,4
842.0,2012-10-16,2012-10-16,ROMNEY,0.0,1.0,2012.0,937.0,0.0,-3.0,-3.0,0.0,46.0,47.0,1,1,0,146,12,8,68,78,4,8,4,4
842.0,2012-10-22,2012-10-22,ROMNEY,0.0,1.0,2012.0,937.0,0.0,-3.0,-3.0,0.0,46.0,47.0,1,1,0,144,24,6,68,76,16,8,2,4
843.0,2012-10-22,2012-10-22,OBAMA,1.0,0.0,2012.0,2700.0,1.0,6.0,6.0,2.25,43.0,44.0,1,1,0,144,24,6,68,76,16,8,2,4
843.0,2012-10-16,2012-10-16,OBAMA,1.0,0.0,2012.0,2700.0,1.0,6.0,6.0,2.25,43.0,44.0,1,1,0,146,12,8,68,78,4,8,4,4
844.0,2012-10-22,2012-10-22,ROMNEY,0.0,1.0,2012.0,1417.0,1.0,-1.0,-2.0,0.0,49.0,50.0,1,1,0,144,24,6,68,76,16,8,2,4
844.0,2012-10-16,2012-10-16,ROMNEY,0.0,1.0,2012.0,1417.0,1.0,-1.0,-2.0,0.0,49.0,50.0,1,1,0,146,12,8,68,78,4,8,4,4
845.0,2012-10-22,2012-10-22,ROMNEY,0.0,1.0,2012.0,2345.0,1.0,2.0,-1.0,0.0,48.0,48.0,1,1,0,144,24,6,68,76,16,8,2,4
845.0,2012-10-16,2012-10-16,ROMNEY,0.0,1.0,2012.0,2345.0,1.0,2.0,-1.0,0.0,48.0,48.0,1,1,0,146,12,8,68,78,4,8,4,4
846.0,2012-10-22,2012-10-22,ROMNEY,0.0,1.0,2012.0,693.0,0.0,-1.0,2.0,0.0,50.0,47.0,1,1,0,144,24,6,68,76,16,8,2,4
846.0,2012-10-16,2012-10-16,ROMNEY,0.0,1.0,2012.0,693.0,0.0,-1.0,2.0,0.0,50.0,47.0,1,1,0,146,12,8,68,78,4,8,4,4
847.0,2012-10-22,2012-10-22,OBAMA,1.0,0.0,2012.0,1000.0,0.0,-2.0,-2.0,-1.2799988,49.0,49.0,1,1,0,144,24,6,68,76,16,8,2,4
847.0,2012-10-16,2012-10-16,OBAMA,1.0,0.0,2012.0,1000.0,0.0,-2.0,-2.0,-1.2799988,49.0,49.0,1,1,0,146,12,8,68,78,4,8,4,4
848.0,2012-10-16,2012-10-16,ROMNEY,0.0,1.0,2012.0,1500.0,1.0,1.0,2.0,0.0,47.0,47.0,1,1,0,146,12,8,68,78,4,8,4,4
848.0,2012-10-22,2012-10-22,ROMNEY,0.0,1.0,2012.0,1500.0,1.0,1.0,2.0,0.0,47.0,47.0,1,1,0,144,24,6,68,76,16,8,2,4
851.0,2012-10-16,2012-10-16,ROMNEY,0.0,1.0,2012.0,712.0,0.0,1.2000008,0.9000015,0.0,48.8,48.1,1,1,0,146,12,8,68,78,4,8,4,4
851.0,2012-10-22,2012-10-22,ROMNEY,0.0,1.0,2012.0,712.0,0.0,1.2000008,0.9000015,0.0,48.8,48.1,1,1,0,144,24,6,68,76,16,8,2,4
852.0,2012-10-22,2012-10-22,ROMNEY,0.0,1.0,2012.0,1000.0,0.0,-1.0,-6.0,-4.220001,50.0,49.0,1,1,0,144,24,6,68,76,16,8,2,4
852.0,2012-10-22,2012-10-22,OBAMA,1.0,0.0,2012.0,1000.0,0.0,-1.0,-6.0,-4.220001,50.0,49.0,1,1,0,144,24,6,68,76,16,8,2,4
853.0,2012-10-22,2012-10-22,OBAMA,1.0,0.0,2012.0,1000.0,0.0,-6.0,-1.0,0.0,49.0,43.0,1,1,0,144,24,6,68,76,16,8,2,4
854.0,2012-10-22,2012-10-22,ROMNEY,0.0,1.0,2012.0,872.0,0.0,5.0,2.0,0.0,43.0,42.0,1,1,0,144,24,6,68,76,16,8,2,4
1050.0,2016-09-26,2016-09-26,CLINTON,1.0,0.0,2016.0,1041.0,1.0,-7.0,-6.0,-3.333332,51.0,44.0,1,0,0,156,54,12,66,90,12,42,4,8
1051.0,2016-09-26,2016-09-26,TRUMP,0.0,1.0,2016.0,2726.0,1.0,-1.0,8.0,0.0,44.0,38.0,1,0,0,156,54,12,66,90,12,42,4,8
1052.0,2016-09-26,2016-09-26,TRUMP,0.0,1.0,2016.0,3386.0,1.0,7.0,4.0,8.0,43.0,46.0,1,0,0,156,54,12,66,90,12,42,4,8
1052.0,2016-09-26,2016-09-26,CLINTON,1.0,0.0,2016.0,3386.0,1.0,7.0,4.0,8.0,43.0,46.0,1,0,0,156,54,12,66,90,12,42,4,8
1053.0,2016-09-26,2016-09-26,CLINTON,1.0,0.0,2016.0,933.0,0.0,-1.0,-5.0,-5.0,50.0,50.0,1,0,0,156,54,12,66,90,12,42,4,8
1053.0,2016-09-26,2016-09-26,TRUMP,0.0,1.0,2016.0,933.0,0.0,-1.0,-5.0,-5.0,50.0,50.0,1,0,0,156,54,12,66,90,12,42,4,8
1054.0,2016-09-26,2016-09-26,CLINTON,1.0,0.0,2016.0,911.0,0.0,0.0,-1.0,-1.0,49.0,45.0,1,0,0,156,54,12,66,90,12,42,4,8
1054.0,2016-09-26,2016-09-26,TRUMP,0.0,1.0,2016.0,911.0,0.0,0.0,-1.0,-1.0,49.0,45.0,1,0,0,156,54,12,66,90,12,42,4,8
1055.0,2016-09-26,2016-09-26,CLINTON,1.0,0.0,2016.0,609.0,0.0,-2.0,-3.0,-0.75,49.0,44.0,1,0,0,156,54,12,66,90,12,42,4,8
1056.0,2016-09-26,2016-09-26,TRUMP,0.0,1.0,2016.0,26925.0,1.0,3.0,3.0,0.0,47.0,41.0,1,0,0,156,54,12,66,90,12,42,4,8
1057.0,2016-09-26,2016-09-26,TRUMP,0.0,1.0,2016.0,1217.0,1.0,-1.0,-1.0,0.0,50.0,44.0,1,0,0,156,54,12,66,90,12,42,4,8
1058.0,2016-09-26,2016-09-26,TRUMP,0.0,1.0,2016.0,1213.0,1.0,2.0,2.0,0.0,49.0,43.0,1,0,0,156,54,12,66,90,12,42,4,8
1059.0,2016-09-26,2016-09-26,CLINTON,1.0,0.0,2016.0,1239.0,1.0,-7.0,-8.0,-0.91666794,51.0,45.0,1,0,0,156,54,12,66,90,12,42,4,8
1060.0,2016-09-26,2016-09-26,TRUMP,0.0,1.0,2016.0,911.0,0.0,4.0,6.0,0.0,44.0,37.0,1,0,0,156,54,12,66,90,12,42,4,8
1061.0,2016-09-26,2016-09-26,TRUMP,0.0,1.0,2016.0,2275.0,1.0,-5.0,4.0,0.0,48.0,43.0,1,0,0,156,54,12,66,90,12,42,4,8
1062.0,2016-09-26,2016-09-26,TRUMP,0.0,1.0,2016.0,1338.0,1.0,1.0,-3.0,1.6666679,43.0,47.0,1,0,0,156,54,12,66,90,12,42,4,8
1062.0,2016-09-26,2016-09-26,CLINTON,1.0,0.0,2016.0,1338.0,1.0,1.0,-3.0,1.6666679,43.0,47.0,1,0,0,156,54,12,66,90,12,42,4,8
1062.0,2016-10-04,2016-10-04,PENCE,0.0,1.0,2016.0,1338.0,1.0,1.0,-3.0,1.6666679,43.0,47.0,0,0,0,148,60,36,64,84,30,30,14,22
1063.0,2016-10-04,2016-10-04,PENCE,0.0,1.0,2016.0,1064.0,1.0,6.0,0.0,0.0,44.0,44.0,0,0,0,148,60,36,64,84,30,30,14,22
1063.0,2016-09-26,2016-09-26,CLINTON,1.0,0.0,2016.0,1064.0,1.0,6.0,0.0,0.0,44.0,44.0,1,0,0,156,54,12,66,90,12,42,4,8
1064.0,2016-10-04,2016-10-04,PENCE,0.0,1.0,2016.0,896.0,0.0,-2.0,0.0,0.0,50.0,44.0,0,0,0,148,60,36,64,84,30,30,14,22
1064.0,2016-09-26,2016-09-26,TRUMP,0.0,1.0,2016.0,896.0,0.0,-2.0,0.0,0.0,50.0,44.0,1,0,0,156,54,12,66,90,12,42,4,8
1065.0,2016-09-26,2016-09-26,TRUMP,0.0,1.0,2016.0,971.0,0.0,0.0,-1.0,-1.0,48.0,44.0,1,0,0,156,54,12,66,90,12,42,4,8
1065.0,2016-09-26,2016-09-26,CLINTON,1.0,0.0,2016.0,971.0,0.0,0.0,-1.0,-1.0,48.0,44.0,1,0,0,156,54,12,66,90,12,42,4,8
1065.0,2016-10-04,2016-10-04,PENCE,0.0,1.0,2016.0,971.0,0.0,0.0,-1.0,-1.0,48.0,44.0,0,0,0,148,60,36,64,84,30,30,14,22
1066.0,2016-10-09,2016-10-09,CLINTON,1.0,0.0,2016.0,23329.0,1.0,3.0,1.0,-3.0,48.0,43.0,1,0,0,140,86,10,54,86,10,76,6,4
1066.0,2016-09-26,2016-09-26,CLINTON,1.0,0.0,2016.0,23329.0,1.0,3.0,1.0,-3.0,48.0,43.0,1,0,0,156,54,12,66,90,12,42,4,8
1066.0,2016-10-04,2016-10-04,PENCE,0.0,1.0,2016.0,23329.0,1.0,3.0,1.0,-3.0,48.0,43.0,0,0,0,148,60,36,64,84,30,30,14,22
1067.0,2016-09-26,2016-09-26,TRUMP,0.0,1.0,2016.0,886.0,0.0,-2.0,-6.0,0.0,51.0,44.0,1,0,0,156,54,12,66,90,12,42,4,8
1067.0,2016-10-04,2016-10-04,PENCE,0.0,1.0,2016.0,886.0,0.0,-2.0,-6.0,0.0,51.0,44.0,0,0,0,148,60,36,64,84,30,30,14,22
1067.0,2016-10-09,2016-10-09,TRUMP,0.0,1.0,2016.0,886.0,0.0,-2.0,-6.0,0.0,51.0,44.0,1,0,0,140,86,10,54,86,10,76,6,4
1068.0,2016-10-09,2016-10-09,TRUMP,0.0,1.0,2016.0,447.0,0.0,3.0,0.0,0.0,49.0,38.0,1,0,0,140,86,10,54,86,10,76,6,4
1068.0,2016-09-26,2016-09-26,TRUMP,0.0,1.0,2016.0,447.0,0.0,3.0,0.0,0.0,49.0,38.0,1,0,0,156,54,12,66,90,12,42,4,8
1068.0,2016-10-04,2016-10-04,PENCE,0.0,1.0,2016.0,447.0,0.0,3.0,0.0,0.0,49.0,38.0,0,0,0,148,60,36,64,84,30,30,14,22
1069.0,2016-09-26,2016-09-26,CLINTON,1.0,0.0,2016.0,2363.0,1.0,-8.0,-1.0,0.66666794,52.0,38.0,1,0,0,156,54,12,66,90,12,42,4,8
1069.0,2016-10-09,2016-10-09,CLINTON,1.0,0.0,2016.0,2363.0,1.0,-8.0,-1.0,0.66666794,52.0,38.0,1,0,0,140,86,10,54,86,10,76,6,4
1069.0,2016-10-04,2016-10-04,PENCE,0.0,1.0,2016.0,2363.0,1.0,-8.0,-1.0,0.66666794,52.0,38.0,0,0,0,148,60,36,64,84,30,30,14,22
1070.0,2016-10-04,2016-10-04,PENCE,0.0,1.0,2016.0,806.0,0.0,6.0,3.0,0.0,44.0,37.0,0,0,0,148,60,36,64,84,30,30,14,22
1070.0,2016-09-26,2016-09-26,TRUMP,0.0,1.0,2016.0,806.0,0.0,6.0,3.0,0.0,44.0,37.0,1,0,0,156,54,12,66,90,12,42,4,8
1070.0,2016-10-09,2016-10-09,TRUMP,0.0,1.0,2016.0,806.0,0.0,6.0,3.0,0.0,44.0,37.0,1,0,0,140,86,10,54,86,10,76,6,4
1071.0,2016-09-26,2016-09-26,TRUMP,0.0,1.0,2016.0,2969.0,1.0,-7.0,5.0,0.0,50.0,40.0,1,0,0,156,54,12,66,90,12,42,4,8
1071.0,2016-10-04,2016-10-04,PENCE,0.0,1.0,2016.0,2969.0,1.0,-7.0,5.0,0.0,50.0,40.0,0,0,0,148,60,36,64,84,30,30,14,22
1071.0,2016-10-09,2016-10-09,TRUMP,0.0,1.0,2016.0,2969.0,1.0,-7.0,5.0,0.0,50.0,40.0,1,0,0,140,86,10,54,86,10,76,6,4
1072.0,2016-10-09,2016-10-09,CLINTON,1.0,0.0,2016.0,917.0,0.0,6.0,-4.0,2.333332,43.0,45.0,1,0,0,140,86,10,54,86,10,76,6,4
1072.0,2016-10-04,2016-10-04,PENCE,0.0,1.0,2016.0,917.0,0.0,6.0,-4.0,2.333332,43.0,45.0,0,0,0,148,60,36,64,84,30,30,14,22
1072.0,2016-09-26,2016-09-26,CLINTON,1.0,0.0,2016.0,917.0,0.0,6.0,-4.0,2.333332,43.0,45.0,1,0,0,156,54,12,66,90,12,42,4,8
1073.0,2016-10-04,2016-10-04,PENCE,0.0,1.0,2016.0,1004.0,1.0,-9.0,4.0,0.0,49.0,41.0,0,0,0,148,60,36,64,84,30,30,14,22
1073.0,2016-09-26,2016-09-26,TRUMP,0.0,1.0,2016.0,1004.0,1.0,-9.0,4.0,0.0,49.0,41.0,1,0,0,156,54,12,66,90,12,42,4,8
1073.0,2016-10-09,2016-10-09,TRUMP,0.0,1.0,2016.0,1004.0,1.0,-9.0,4.0,0.0,49.0,41.0,1,0,0,140,86,10,54,86,10,76,6,4
1074.0,2016-10-04,2016-10-04,PENCE,0.0,1.0,2016.0,740.0,0.0,10.0,1.0,0.5,40.0,45.0,0,0,0,148,60,36,64,84,30,30,14,22
1074.0,2016-10-09,2016-10-09,CLINTON,1.0,0.0,2016.0,740.0,0.0,10.0,1.0,0.5,40.0,45.0,1,0,0,140,86,10,54,86,10,76,6,4
1074.0,2016-09-26,2016-09-26,CLINTON,1.0,0.0,2016.0,740.0,0.0,10.0,1.0,0.5,40.0,45.0,1,0,0,156,54,12,66,90,12,42,4,8
1075.0,2016-09-26,2016-09-26,TRUMP,0.0,1.0,2016.0,905.0,0.0,1.0,-5.0,0.0,50.0,46.0,1,0,0,156,54,12,66,90,12,42,4,8
1075.0,2016-10-04,2016-10-04,PENCE,0.0,1.0,2016.0,905.0,0.0,1.0,-5.0,0.0,50.0,46.0,0,0,0,148,60,36,64,84,30,30,14,22
1075.0,2016-10-09,2016-10-09,TRUMP,0.0,1.0,2016.0,905.0,0.0,1.0,-5.0,0.0,50.0,46.0,1,0,0,140,86,10,54,86,10,76,6,4
1076.0,2016-10-04,2016-10-04,PENCE,0.0,1.0,2016.0,2946.0,1.0,-7.0,4.0,1.5,51.0,41.0,0,0,0,148,60,36,64,84,30,30,14,22
1076.0,2016-09-26,2016-09-26,TRUMP,0.0,1.0,2016.0,2946.0,1.0,-7.0,4.0,1.5,51.0,41.0,1,0,0,156,54,12,66,90,12,42,4,8
1076.0,2016-09-26,2016-09-26,CLINTON,1.0,0.0,2016.0,2946.0,1.0,-7.0,4.0,1.5,51.0,41.0,1,0,0,156,54,12,66,90,12,42,4,8
1076.0,2016-10-09,2016-10-09,TRUMP,0.0,1.0,2016.0,2946.0,1.0,-7.0,4.0,1.5,51.0,41.0,1,0,0,140,86,10,54,86,10,76,6,4
1076.0,2016-10-09,2016-10-09,CLINTON,1.0,0.0,2016.0,2946.0,1.0,-7.0,4.0,1.5,51.0,41.0,1,0,0,140,86,10,54,86,10,76,6,4
1077.0,2016-10-09,2016-10-09,CLINTON,1.0,0.0,2016.0,726.0,0.0,9.0,-4.0,-3.666668,44.0,45.0,1,0,0,140,86,10,54,86,10,76,6,4
1077.0,2016-10-04,2016-10-04,PENCE,0.0,1.0,2016.0,726.0,0.0,9.0,-4.0,-3.666668,44.0,45.0,0,0,0,148,60,36,64,84,30,30,14,22
1077.0,2016-09-26,2016-09-26,CLINTON,1.0,0.0,2016.0,726.0,0.0,9.0,-4.0,-3.666668,44.0,45.0,1,0,0,156,54,12,66,90,12,42,4,8
1078.0,2016-10-09,2016-10-09,TRUMP,0.0,1.0,2016.0,24804.0,1.0,-2.0,2.0,0.0,53.0,41.0,1,0,0,140,86,10,54,86,10,76,6,4
1078.0,2016-09-26,2016-09-26,TRUMP,0.0,1.0,2016.0,24804.0,1.0,-2.0,2.0,0.0,53.0,41.0,1,0,0,156,54,12,66,90,12,42,4,8
1078.0,2016-10-04,2016-10-04,PENCE,0.0,1.0,2016.0,24804.0,1.0,-2.0,2.0,0.0,53.0,41.0,0,0,0,148,60,36,64,84,30,30,14,22
1079.0,2016-10-09,2016-10-09,TRUMP,0.0,1.0,2016.0,1189.0,1.0,0.0,-3.0,0.0,51.0,43.0,1,0,0,140,86,10,54,86,10,76,6,4
1079.0,2016-09-26,2016-09-26,TRUMP,0.0,1.0,2016.0,1189.0,1.0,0.0,-3.0,0.0,51.0,43.0,1,0,0,156,54,12,66,90,12,42,4,8
1079.0,2016-10-04,2016-10-04,PENCE,0.0,1.0,2016.0,1189.0,1.0,0.0,-3.0,0.0,51.0,43.0,0,0,0,148,60,36,64,84,30,30,14,22
1080.0,2016-10-04,2016-10-04,PENCE,0.0,1.0,2016.0,1190.0,1.0,-8.0,-1.0,0.41666794,51.0,40.0,0,0,0,148,60,36,64,84,30,30,14,22
1080.0,2016-10-09,2016-10-09,CLINTON,1.0,0.0,2016.0,1190.0,1.0,-8.0,-1.0,0.41666794,51.0,40.0,1,0,0,140,86,10,54,86,10,76,6,4
1081.0,2016-10-04,2016-10-04,PENCE,0.0,1.0,2016.0,1006.0,1.0,7.0,2.0,0.0,43.0,39.0,0,0,0,148,60,36,64,84,30,30,14,22
1081.0,2016-10-09,2016-10-09,TRUMP,0.0,1.0,2016.0,1006.0,1.0,7.0,2.0,0.0,43.0,39.0,1,0,0,140,86,10,54,86,10,76,6,4
1082.0,2016-10-09,2016-10-09,TRUMP,0.0,1.0,2016.0,956.0,0.0,0.0,4.0,0.0,50.0,41.0,1,0,0,140,86,10,54,86,10,76,6,4
1082.0,2016-10-04,2016-10-04,PENCE,0.0,1.0,2016.0,956.0,0.0,0.0,4.0,0.0,50.0,41.0,0,0,0,148,60,36,64,84,30,30,14,22
1083.0,2016-10-04,2016-10-04,PENCE,0.0,1.0,2016.0,912.0,0.0,-1.0,-3.0,0.0,50.0,45.0,0,0,0,148,60,36,64,84,30,30,14,22
1083.0,2016-10-09,2016-10-09,TRUMP,0.0,1.0,2016.0,912.0,0.0,-1.0,-3.0,0.0,50.0,45.0,1,0,0,140,86,10,54,86,10,76,6,4
1084.0,2016-10-09,2016-10-09,CLINTON,1.0,0.0,2016.0,925.0,0.0,-2.0,1.0,1.75,49.0,42.0,1,0,0,140,86,10,54,86,10,76,6,4
1084.0,2016-10-04,2016-10-04,PENCE,0.0,1.0,2016.0,925.0,0.0,-2.0,1.0,1.75,49.0,42.0,0,0,0,148,60,36,64,84,30,30,14,22
1085.0,2016-10-09,2016-10-09,TRUMP,0.0,1.0,2016.0,1007.0,1.0,3.0,1.0,0.0,47.0,43.0,1,0,0,140,86,10,54,86,10,76,6,4
1085.0,2016-10-04,2016-10-04,PENCE,0.0,1.0,2016.0,1007.0,1.0,3.0,1.0,0.0,47.0,43.0,0,0,0,148,60,36,64,84,30,30,14,22
1086.0,2016-10-09,2016-10-09,CLINTON,1.0,0.0,2016.0,2109.0,1.0,0.0,6.0,1.5,50.0,44.0,1,0,0,140,86,10,54,86,10,76,6,4
1086.0,2016-10-04,2016-10-04,PENCE,0.0,1.0,2016.0,2109.0,1.0,0.0,6.0,1.5,50.0,44.0,0,0,0,148,60,36,64,84,30,30,14,22
1086.0,2016-10-19,2016-10-19,CLINTON,1.0,0.0,2016.0,2109.0,1.0,0.0,6.0,1.5,50.0,44.0,0,0,0,132,88,42,68,64,22,66,8,34
1087.0,2016-10-09,2016-10-09,TRUMP,0.0,1.0,2016.0,611.0,0.0,3.0,-9.0,0.0,50.0,50.0,1,0,0,140,86,10,54,86,10,76,6,4
1087.0,2016-10-04,2016-10-04,PENCE,0.0,1.0,2016.0,611.0,0.0,3.0,-9.0,0.0,50.0,50.0,0,0,0,148,60,36,64,84,30,30,14,22
1087.0,2016-10-19,2016-10-19,TRUMP,0.0,1.0,2016.0,611.0,0.0,3.0,-9.0,0.0,50.0,50.0,0,0,0,132,88,42,68,64,22,66,8,34
1088.0,2016-10-19,2016-10-19,TRUMP,0.0,1.0,2016.0,779.0,0.0,-2.0,4.0,0.0,53.0,41.0,0,0,0,132,88,42,68,64,22,66,8,34
1088.0,2016-10-04,2016-10-04,PENCE,0.0,1.0,2016.0,779.0,0.0,-2.0,4.0,0.0,53.0,41.0,0,0,0,148,60,36,64,84,30,30,14,22
1088.0,2016-10-09,2016-10-09,TRUMP,0.0,1.0,2016.0,779.0,0.0,-2.0,4.0,0.0,53.0,41.0,1,0,0,140,86,10,54,86,10,76,6,4
1089.0,2016-10-09,2016-10-09,TRUMP,0.0,1.0,2016.0,32255.0,1.0,-1.0,-1.0,0.0,51.0,45.0,1,0,0,140,86,10,54,86,10,76,6,4
1089.0,2016-10-04,2016-10-04,PENCE,0.0,1.0,2016.0,32255.0,1.0,-1.0,-1.0,0.0,51.0,45.0,0,0,0,148,60,36,64,84,30,30,14,22
1089.0,2016-10-19,2016-10-19,TRUMP,0.0,1.0,2016.0,32255.0,1.0,-1.0,-1.0,0.0,51.0,45.0,0,0,0,132,88,42,68,64,22,66,8,34
1090.0,2016-10-04,2016-10-04,PENCE,0.0,1.0,2016.0,1212.0,1.0,4.0,-3.0,-5.5999985,50.0,44.0,0,0,0,148,60,36,64,84,30,30,14,22
1090.0,2016-10-19,2016-10-19,CLINTON,1.0,0.0,2016.0,1212.0,1.0,4.0,-3.0,-5.5999985,50.0,44.0,0,0,0,132,88,42,68,64,22,66,8,34
1090.0,2016-10-09,2016-10-09,CLINTON,1.0,0.0,2016.0,1212.0,1.0,4.0,-3.0,-5.5999985,50.0,44.0,1,0,0,140,86,10,54,86,10,76,6,4
1091.0,2016-10-09,2016-10-09,TRUMP,0.0,1.0,2016.0,1170.0,1.0,-11.0,-4.0,0.0,54.0,41.0,1,0,0,140,86,10,54,86,10,76,6,4
1091.0,2016-10-19,2016-10-19,TRUMP,0.0,1.0,2016.0,1170.0,1.0,-11.0,-4.0,0.0,54.0,41.0,0,0,0,132,88,42,68,64,22,66,8,34
1091.0,2016-10-04,2016-10-04,PENCE,0.0,1.0,2016.0,1170.0,1.0,-11.0,-4.0,0.0,54.0,41.0,0,0,0,148,60,36,64,84,30,30,14,22
1092.0,2016-10-09,2016-10-09,TRUMP,0.0,1.0,2016.0,1000.0,0.0,6.0,2.0,0.0,43.0,37.0,1,0,0,140,86,10,54,86,10,76,6,4
1092.0,2016-10-19,2016-10-19,TRUMP,0.0,1.0,2016.0,1000.0,0.0,6.0,2.0,0.0,43.0,37.0,0,0,0,132,88,42,68,64,22,66,8,34
1092.0,2016-10-04,2016-10-04,PENCE,0.0,1.0,2016.0,1000.0,0.0,6.0,2.0,0.0,43.0,37.0,0,0,0,148,60,36,64,84,30,30,14,22
1094.0,2016-10-04,2016-10-04,PENCE,0.0,1.0,2016.0,1119.0,1.0,4.0,6.0,0.0,47.0,37.0,0,0,0,148,60,36,64,84,30,30,14,22
1094.0,2016-10-09,2016-10-09,TRUMP,0.0,1.0,2016.0,1119.0,1.0,4.0,6.0,0.0,47.0,37.0,1,0,0,140,86,10,54,86,10,76,6,4
1094.0,2016-10-19,2016-10-19,TRUMP,0.0,1.0,2016.0,1119.0,1.0,4.0,6.0,0.0,47.0,37.0,0,0,0,132,88,42,68,64,22,66,8,34
1095.0,2016-10-09,2016-10-09,CLINTON,1.0,0.0,2016.0,2120.0,1.0,-1.0,0.0,3.8499985,51.0,43.0,1,0,0,140,86,10,54,86,10,76,6,4
1095.0,2016-10-19,2016-10-19,CLINTON,1.0,0.0,2016.0,2120.0,1.0,-1.0,0.0,3.8499985,51.0,43.0,0,0,0,132,88,42,68,64,22,66,8,34
1096.0,2016-10-19,2016-10-19,TRUMP,0.0,1.0,2016.0,1221.0,1.0,-1.0,1.0,0.0,50.0,43.0,0,0,0,132,88,42,68,64,22,66,8,34
1096.0,2016-10-09,2016-10-09,TRUMP,0.0,1.0,2016.0,1221.0,1.0,-1.0,1.0,0.0,50.0,43.0,1,0,0,140,86,10,54,86,10,76,6,4
1097.0,2016-10-09,2016-10-09,TRUMP,0.0,1.0,2016.0,3145.0,1.0,-5.0,1.0,0.0,49.0,44.0,1,0,0,140,86,10,54,86,10,76,6,4
1097.0,2016-10-19,2016-10-19,TRUMP,0.0,1.0,2016.0,3145.0,1.0,-5.0,1.0,0.0,49.0,44.0,0,0,0,132,88,42,68,64,22,66,8,34
1098.0,2016-10-09,2016-10-09,TRUMP,0.0,1.0,2016.0,921.0,0.0,-1.0,-4.0,0.0,44.0,45.0,1,0,0,140,86,10,54,86,10,76,6,4
1098.0,2016-10-19,2016-10-19,TRUMP,0.0,1.0,2016.0,921.0,0.0,-1.0,-4.0,0.0,44.0,45.0,0,0,0,132,88,42,68,64,22,66,8,34
1099.0,2016-10-09,2016-10-09,CLINTON,1.0,0.0,2016.0,1209.0,1.0,6.0,5.0,2.25,43.0,41.0,1,0,0,140,86,10,54,86,10,76,6,4
1099.0,2016-10-19,2016-10-19,CLINTON,1.0,0.0,2016.0,1209.0,1.0,6.0,5.0,2.25,43.0,41.0,0,0,0,132,88,42,68,64,22,66,8,34
1100.0,2016-10-09,2016-10-09,TRUMP,0.0,1.0,2016.0,1109.0,1.0,1.0,-1.0,0.0,49.0,46.0,1,0,0,140,86,10,54,86,10,76,6,4
1100.0,2016-10-19,2016-10-19,TRUMP,0.0,1.0,2016.0,1109.0,1.0,1.0,-1.0,0.0,49.0,46.0,0,0,0,132,88,42,68,64,22,66,8,34
1101.0,2016-10-19,2016-10-19,TRUMP,0.0,1.0,2016.0,3248.0,1.0,-6.0,1.0,0.5,50.0,45.0,0,0,0,132,88,42,68,64,22,66,8,34
1101.0,2016-10-19,2016-10-19,CLINTON,1.0,0.0,2016.0,3248.0,1.0,-6.0,1.0,0.5,50.0,45.0,0,0,0,132,88,42,68,64,22,66,8,34
1101.0,2016-10-09,2016-10-09,TRUMP,0.0,1.0,2016.0,3248.0,1.0,-6.0,1.0,0.5,50.0,45.0,1,0,0,140,86,10,54,86,10,76,6,4
1101.0,2016-10-09,2016-10-09,CLINTON,1.0,0.0,2016.0,3248.0,1.0,-6.0,1.0,0.5,50.0,45.0,1,0,0,140,86,10,54,86,10,76,6,4
1102.0,2016-10-19,2016-10-19,CLINTON,1.0,0.0,2016.0,847.0,0.0,6.0,-4.0,-4.0,44.0,46.0,0,0,0,132,88,42,68,64,22,66,8,34
1102.0,2016-10-09,2016-10-09,TRUMP,0.0,1.0,2016.0,847.0,0.0,6.0,-4.0,-4.0,44.0,46.0,1,0,0,140,86,10,54,86,10,76,6,4
1102.0,2016-10-19,2016-10-19,TRUMP,0.0,1.0,2016.0,847.0,0.0,6.0,-4.0,-4.0,44.0,46.0,0,0,0,132,88,42,68,64,22,66,8,34
1102.0,2016-10-09,2016-10-09,CLINTON,1.0,0.0,2016.0,847.0,0.0,6.0,-4.0,-4.0,44.0,46.0,1,0,0,140,86,10,54,86,10,76,6,4
1103.0,2016-10-19,2016-10-19,CLINTON,1.0,0.0,2016.0,40816.0,1.0,1.0,2.0,2.666668,50.0,42.0,0,0,0,132,88,42,68,64,22,66,8,34
1104.0,2016-10-19,2016-10-19,TRUMP,0.0,1.0,2016.0,1013.0,1.0,-6.0,-1.0,0.0,51.0,44.0,0,0,0,132,88,42,68,64,22,66,8,34
1105.0,2016-10-19,2016-10-19,TRUMP,0.0,1.0,2016.0,1128.0,1.0,3.0,4.0,0.0,45.0,43.0,0,0,0,132,88,42,68,64,22,66,8,34
1106.0,2016-10-19,2016-10-19,CLINTON,1.0,0.0,2016.0,3145.0,1.0,-5.0,0.0,3.833332,48.0,47.0,0,0,0,132,88,42,68,64,22,66,8,34
1107.0,2016-10-19,2016-10-19,TRUMP,0.0,1.0,2016.0,5360.0,1.0,7.0,3.0,0.0,43.0,47.0,0,0,0,132,88,42,68,64,22,66,8,34
1108.0,2016-10-19,2016-10-19,CLINTON,1.0,0.0,2016.0,1233.0,1.0,-2.0,-5.0,-4.0,50.0,50.0,0,0,0,132,88,42,68,64,22,66,8,34
1109.0,2016-10-19,2016-10-19,TRUMP,0.0,1.0,2016.0,1333.0,1.0,-1.0,-1.0,0.0,48.0,45.0,0,0,0,132,88,42,68,64,22,66,8,34
1110.0,2016-10-19,2016-10-19,CLINTON,1.0,0.0,2016.0,1858.0,1.0,-2.0,-5.0,-3.5,47.0,44.0,0,0,0,132,88,42,68,64,22,66,8,34
1111.0,2016-10-19,2016-10-19,TRUMP,0.0,1.0,2016.0,1144.0,1.0,1.0,4.0,0.0,45.0,39.0,0,0,0,132,88,42,68,64,22,66,8,34
1112.0,2016-10-19,2016-10-19,CLINTON,1.0,0.0,2016.0,1107.0,1.0,0.0,2.0,1.6666679,46.0,43.0,0,0,0,132,88,42,68,64,22,66,8,34
1113.0,2016-10-19,2016-10-19,TRUMP,0.0,1.0,2016.0,940.0,0.0,0.0,-1.0,0.0,46.0,45.0,0,0,0,132,88,42,68,64,22,66,8,34
1114.0,2016-10-19,2016-10-19,TRUMP,0.0,1.0,2016.0,2021.0,1.0,-2.0,-5.0,0.0,46.0,44.0,0,0,0,132,88,42,68,64,22,66,8,34
1115.0,2016-10-19,2016-10-19,CLINTON,1.0,0.0,2016.0,2244.0,1.0,0.0,1.0,-2.166668,44.0,39.0,0,0,0,132,88,42,68,64,22,66,8,34
1116.0,2016-10-19,2016-10-19,TRUMP,0.0,1.0,2016.0,541.0,0.0,12.0,1.0,0.0,44.0,40.0,0,0,0,132,88,42,68,64,22,66,8,34
1117.0,2016-10-19,2016-10-19,TRUMP,0.0,1.0,2016.0,1282.0,1.0,-8.0,2.0,2.5,56.0,41.0,0,0,0,132,88,42,68,64,22,66,8,34
1117.0,2016-10-19,2016-10-19,CLINTON,1.0,0.0,2016.0,1282.0,1.0,-8.0,2.0,2.5,56.0,41.0,0,0,0,132,88,42,68,64,22,66,8,34
1118.0,2016-10-19,2016-10-19,CLINTON,1.0,0.0,2016.0,2196.0,1.0,-4.0,-4.0,0.2857132,48.0,43.0,0,0,0,132,88,42,68,64,22,66,8,34
1119.0,2016-10-19,2016-10-19,TRUMP,0.0,1.0,2016.0,1426.0,1.0,3.0,4.0,0.0,44.0,39.0,0,0,0,132,88,42,68,64,22,66,8,34
1120.0,2016-10-19,2016-10-19,TRUMP,0.0,1.0,2016.0,748.0,0.0,3.0,1.0,0.0,47.0,43.0,0,0,0,132,88,42,68,64,22,66,8,34
1121.0,2016-10-19,2016-10-19,TRUMP,0.0,1.0,2016.0,30145.0,1.0,1.0,0.0,0.0,50.0,44.0,0,0,0,132,88,42,68,64,22,66,8,34
1122.0,2016-10-19,2016-10-19,TRUMP,0.0,1.0,2016.0,2220.0,1.0,-2.0,2.0,0.0,51.0,44.0,0,0,0,132,88,42,68,64,22,66,8,34
1123.0,2016-10-19,2016-10-19,TRUMP,0.0,1.0,2016.0,1295.0,1.0,-1.0,-2.0,0.0,49.0,46.0,0,0,0,132,88,42,68,64,22,66,8,34
1124.0,2016-10-19,2016-10-19,TRUMP,0.0,1.0,2016.0,799.0,0.0,-2.0,-1.0,0.0,48.0,44.0,0,0,0,132,88,42,68,64,22,66,8,34
1125.0,2016-10-19,2016-10-19,CLINTON,1.0,0.0,2016.0,2935.0,1.0,-2.0,4.0,1.1142883,46.0,43.0,0,0,0,132,88,42,68,64,22,66,8,34
1126.0,2016-10-19,2016-10-19,TRUMP,0.0,1.0,2016.0,3669.0,1.0,5.0,-2.0,0.0,44.0,47.0,0,0,0,132,88,42,68,64,22,66,8,34
1128.0,2016-10-19,2016-10-19,TRUMP,0.0,1.0,2016.0,1107.0,1.0,-3.7999992,-1.5999985,0.0,46.8,43.6,0,0,0,132,88,42,68,64,22,66,8,34
1360.0,2020-09-29,2020-09-29,BIDEN,1.0,0.0,2020.0,864.0,0.0,1.0,-3.0,-2.5,50.0,45.0,1,1,1,84,68,16,36,48,16,52,12,4
1361.0,2020-09-29,2020-09-29,TRUMP,0.0,1.0,2020.0,3000.0,1.0,0.0,1.0,0.0,51.0,42.0,1,1,1,84,68,16,36,48,16,52,12,4
1362.0,2020-09-29,2020-09-29,BIDEN,1.0,0.0,2020.0,925.0,0.0,3.0,-2.0,-1.0,51.0,43.0,1,1,1,84,68,16,36,48,16,52,12,4
1363.0,2020-09-29,2020-09-29,TRUMP,0.0,1.0,2020.0,1350.0,1.0,-4.0,1.0,0.0,54.0,41.0,1,1,1,84,68,16,36,48,16,52,12,4
1364.0,2020-09-29,2020-09-29,BIDEN,1.0,0.0,2020.0,800.0,0.0,3.0,-3.0,0.16666794,50.0,42.0,1,1,1,84,68,16,36,48,16,52,12,4
1365.0,2020-09-29,2020-09-29,TRUMP,0.0,1.0,2020.0,1030.0,1.0,-4.0,7.0,0.0,53.0,39.0,1,1,1,84,68,16,36,48,16,52,12,4
1366.0,2020-09-29,2020-09-29,TRUMP,0.0,1.0,2020.0,928.0,0.0,-2.0,-6.0,0.0,49.0,46.0,1,1,1,84,68,16,36,48,16,52,12,4
1367.0,2020-09-29,2020-09-29,BIDEN,1.0,0.0,2020.0,863.0,0.0,4.0,4.0,1.8333321,47.0,40.0,1,1,1,84,68,16,36,48,16,52,12,4
1368.0,2020-09-29,2020-09-29,TRUMP,0.0,1.0,2020.0,763.0,0.0,0.0,-1.0,0.0,51.0,44.0,1,1,1,84,68,16,36,48,16,52,12,4
1369.0,2020-09-29,2020-09-29,BIDEN,1.0,0.0,2020.0,2167.0,1.0,1.0,-1.0,-1.5,51.0,43.0,1,1,1,84,68,16,36,48,16,52,12,4
1370.0,2020-09-29,2020-09-29,TRUMP,0.0,1.0,2020.0,1001.0,0.0,5.0,-1.0,0.0,52.0,42.0,1,1,1,84,68,16,36,48,16,52,12,4
1371.0,2020-09-29,2020-09-29,TRUMP,0.0,1.0,2020.0,1114.0,1.0,-4.0,2.0,0.0,57.0,41.0,1,1,1,84,68,16,36,48,16,52,12,4
1372.0,2020-09-29,2020-09-29,BIDEN,1.0,0.0,2020.0,2500.0,1.0,-1.0,-3.0,-1.0,53.0,43.0,1,1,1,84,68,16,36,48,16,52,12,4
1373.0,2020-09-29,2020-09-29,TRUMP,0.0,1.0,2020.0,1012.0,1.0,1.0,3.0,0.0,52.0,40.0,1,1,1,84,68,16,36,48,16,52,12,4
1374.0,2020-09-29,2020-09-29,TRUMP,0.0,1.0,2020.0,882.0,0.0,-1.0,-3.0,0.0,53.0,43.0,1,1,1,84,68,16,36,48,16,52,12,4
1375.0,2020-09-29,2020-09-29,TRUMP,0.0,1.0,2020.0,1364.0,1.0,-1.0,2.0,0.0,52.0,40.0,1,1,1,84,68,16,36,48,16,52,12,4
1376.0,2020-09-29,2020-09-29,TRUMP,0.0,1.0,2020.0,2841.0,1.0,-6.0,-2.0,0.0,51.0,42.0,1,1,1,84,68,16,36,48,16,52,12,4
1377.0,2020-09-29,2020-09-29,BIDEN,1.0,0.0,2020.0,1483.0,1.0,6.0,0.0,-1.0,45.0,40.0,1,1,1,84,68,16,36,48,16,52,12,4
1377.0,2020-09-29,2020-09-29,TRUMP,0.0,1.0,2020.0,1483.0,1.0,6.0,0.0,-1.0,45.0,40.0,1,1,1,84,68,16,36,48,16,52,12,4
1378.0,2020-09-29,2020-09-29,TRUMP,0.0,1.0,2020.0,1003.0,0.0,-1.0,0.0,0.0,51.0,40.0,1,1,1,84,68,16,36,48,16,52,12,4
1378.0,2020-09-29,2020-09-29,BIDEN,1.0,0.0,2020.0,1003.0,0.0,-1.0,0.0,0.0,51.0,40.0,1,1,1,84,68,16,36,48,16,52,12,4
1379.0,2020-09-29,2020-09-29,BIDEN,1.0,0.0,2020.0,725.0,0.0,5.0,3.0,3.0,50.0,40.0,1,1,1,84,68,16,36,48,16,52,12,4
1379.0,2020-09-29,2020-09-29,TRUMP,0.0,1.0,2020.0,725.0,0.0,5.0,3.0,3.0,50.0,40.0,1,1,1,84,68,16,36,48,16,52,12,4
1380.0,2020-09-29,2020-09-29,TRUMP,0.0,1.0,2020.0,1240.0,1.0,-4.0,0.0,0.0,55.0,43.0,1,1,1,84,68,16,36,48,16,52,12,4
1380.0,2020-09-29,2020-09-29,BIDEN,1.0,0.0,2020.0,1240.0,1.0,-4.0,0.0,0.0,55.0,43.0,1,1,1,84,68,16,36,48,16,52,12,4
1381.0,2020-09-29,2020-09-29,TRUMP,0.0,1.0,2020.0,1000.0,0.0,2.0,-1.0,-1.0,51.0,43.0,1,1,1,84,68,16,36,48,16,52,12,4
1381.0,2020-09-29,2020-09-29,BIDEN,1.0,0.0,2020.0,1000.0,0.0,2.0,-1.0,-1.0,51.0,43.0,1,1,1,84,68,16,36,48,16,52,12,4
1382.0,2020-09-29,2020-09-29,BIDEN,1.0,0.0,2020.0,1333.0,1.0,-1.0,0.0,0.20000076,53.0,42.0,1,1,1,84,68,16,36,48,16,52,12,4
1383.0,2020-09-29,2020-09-29,TRUMP,0.0,1.0,2020.0,882.0,0.0,-1.0,-1.0,0.0,52.0,42.0,1,1,1,84,68,16,36,48,16,52,12,4
1384.0,2020-09-29,2020-09-29,TRUMP,0.0,1.0,2020.0,819.0,0.0,3.0,2.0,0.0,51.0,41.0,1,1,1,84,68,16,36,48,16,52,12,4
1385.0,2020-09-29,2020-09-29,TRUMP,0.0,1.0,2020.0,2500.0,1.0,-4.0,2.0,0.0,54.0,43.0,1,1,1,84,68,16,36,48,16,52,12,4
1386.0,2020-09-29,2020-09-29,TRUMP,0.0,1.0,2020.0,2855.0,1.0,-3.0,-5.0,0.0,50.0,45.0,1,1,1,84,68,16,36,48,16,52,12,4
1387.0,2020-09-29,2020-09-29,BIDEN,1.0,0.0,2020.0,820.0,0.0,4.0,2.0,-0.20000076,47.0,40.0,1,1,1,84,68,16,36,48,16,52,12,4
1387.0,2020-09-29,2020-09-29,TRUMP,0.0,1.0,2020.0,820.0,0.0,4.0,2.0,-0.20000076,47.0,40.0,1,1,1,84,68,16,36,48,16,52,12,4
1388.0,2020-09-29,2020-09-29,BIDEN,1.0,0.0,2020.0,951.0,0.0,-2.0,1.0,0.5,51.0,42.0,1,1,1,84,68,16,36,48,16,52,12,4
1389.0,2020-09-29,2020-09-29,TRUMP,0.0,1.0,2020.0,1897.0,1.0,-3.0,-1.0,0.0,49.0,43.0,1,1,1,84,68,16,36,48,16,52,12,4
1390.0,2020-09-29,2020-09-29,TRUMP,0.0,1.0,2020.0,3080.0,1.0,6.0,-1.0,-1.5,46.0,42.0,1,1,1,84,68,16,36,48,16,52,12,4
1390.0,2020-09-29,2020-09-29,BIDEN,1.0,0.0,2020.0,3080.0,1.0,6.0,-1.0,-1.5,46.0,42.0,1,1,1,84,68,16,36,48,16,52,12,4
1391.0,2020-09-29,2020-09-29,BIDEN,1.0,0.0,2020.0,1265.0,1.0,-1.0,2.0,2.0,52.0,41.0,1,1,1,84,68,16,36,48,16,52,12,4
1391.0,2020-09-29,2020-09-29,TRUMP,0.0,1.0,2020.0,1265.0,1.0,-1.0,2.0,2.0,52.0,41.0,1,1,1,84,68,16,36,48,16,52,12,4
1392.0,2020-09-29,2020-09-29,BIDEN,1.0,0.0,2020.0,987.0,0.0,-1.0,-2.0,-1.5,51.0,43.0,1,1,1,84,68,16,36,48,16,52,12,4
1393.0,2020-09-29,2020-09-29,TRUMP,0.0,1.0,2020.0,2711.0,1.0,2.0,1.0,0.0,50.0,41.0,1,1,1,84,68,16,36,48,16,52,12,4
1394.0,2020-09-29,2020-09-29,BIDEN,1.0,0.0,2020.0,1426.0,1.0,-1.0,-1.0,0.5,52.0,42.0,1,1,1,84,68,16,36,48,16,52,12,4
1395.0,2020-09-29,2020-09-29,TRUMP,0.0,1.0,2020.0,1136.0,1.0,2.0,2.0,0.0,51.0,41.0,1,1,1,84,68,16,36,48,16,52,12,4
1401.0,2020-10-22,2020-10-22,BIDEN,1.0,0.0,2020.0,1842.0,1.0,0.0,-5.0,-7.0,51.0,49.0,1,1,0,68,68,14,28,40,26,42,10,4
1402.0,2020-10-22,2020-10-22,TRUMP,0.0,1.0,2020.0,800.0,0.0,0.0,-4.0,0.0,51.0,44.0,1,1,0,68,68,14,28,40,26,42,10,4
1403.0,2020-10-22,2020-10-22,BIDEN,1.0,0.0,2020.0,886.0,0.0,3.0,2.0,1.5,51.0,40.0,1,1,0,68,68,14,28,40,26,42,10,4
1404.0,2020-10-22,2020-10-22,TRUMP,0.0,1.0,2020.0,1121.0,1.0,-4.0,3.0,0.0,54.0,42.0,1,1,0,68,68,14,28,40,26,42,10,4
1405.0,2020-10-22,2020-10-22,BIDEN,1.0,0.0,2020.0,825.0,0.0,2.0,-3.0,-0.5,50.0,45.0,1,1,0,68,68,14,28,40,26,42,10,4
1406.0,2020-10-22,2020-10-22,TRUMP,0.0,1.0,2020.0,1365.0,1.0,2.0,1.0,0.0,52.0,42.0,1,1,0,68,68,14,28,40,26,42,10,4
1407.0,2020-10-22,2020-10-22,TRUMP,0.0,1.0,2020.0,1000.0,0.0,-2.0,1.0,0.0,54.0,43.0,1,1,0,68,68,14,28,40,26,42,10,4
1409.0,2020-10-22,2020-10-22,TRUMP,0.0,1.0,2020.0,2359.0,1.0,-5.0,-1.0,0.0,54.0,46.0,1,1,0,68,68,14,28,40,26,42,10,4
1410.0,2020-10-22,2020-10-22,BIDEN,1.0,0.0,2020.0,1246.0,1.0,3.0,-1.0,-4.5,49.0,45.0,1,1,0,68,68,14,28,40,26,42,10,4
1411.0,2020-10-22,2020-10-22,TRUMP,0.0,1.0,2020.0,572.0,0.0,4.0,-6.0,0.0,52.0,44.0,1,1,0,68,68,14,28,40,26,42,10,4
1412.0,2020-10-22,2020-10-22,BIDEN,1.0,0.0,2020.0,720.0,0.0,-6.0,3.0,-1.3333321,56.0,38.0,1,1,0,68,68,14,28,40,26,42,10,4
1413.0,2020-10-22,2020-10-22,TRUMP,0.0,1.0,2020.0,1040.0,1.0,1.0,-2.0,0.0,50.0,41.0,1,1,0,68,68,14,28,40,26,42,10,4
1414.0,2020-10-22,2020-10-22,TRUMP,0.0,1.0,2020.0,876.0,0.0,5.0,0.0,0.0,51.0,39.0,1,1,0,68,68,14,28,40,26,42,10,4
1415.0,2020-10-22,2020-10-22,BIDEN,1.0,0.0,2020.0,863.0,0.0,-3.0,4.0,3.583332,56.0,39.0,1,1,0,68,68,14,28,40,26,42,10,4
1416.0,2020-10-22,2020-10-22,TRUMP,0.0,1.0,2020.0,1200.0,1.0,-2.0,1.0,0.0,53.0,43.0,1,1,0,68,68,14,28,40,26,42,10,4
1417.0,2020-10-22,2020-10-22,TRUMP,0.0,1.0,2020.0,1000.0,0.0,1.0,-2.0,0.0,51.0,44.0,1,1,0,68,68,14,28,40,26,42,10,4
1418.0,2020-10-22,2020-10-22,TRUMP,0.0,1.0,2020.0,1265.0,1.0,0.0,2.0,0.0,52.0,42.0,1,1,0,68,68,14,28,40,26,42,10,4
1419.0,2020-10-22,2020-10-22,BIDEN,1.0,0.0,2020.0,1516.0,1.0,-2.0,-5.0,-0.58333206,52.0,44.0,1,1,0,68,68,14,28,40,26,42,10,4
1420.0,2020-10-22,2020-10-22,TRUMP,0.0,1.0,2020.0,1500.0,1.0,-2.0,8.0,0.0,50.0,39.0,1,1,0,68,68,14,28,40,26,42,10,4
1421.0,2020-10-22,2020-10-22,TRUMP,0.0,1.0,2020.0,1880.0,1.0,4.0,-5.0,0.0,48.0,47.0,1,1,0,68,68,14,28,40,26,42,10,4
1422.0,2020-10-22,2020-10-22,BIDEN,1.0,0.0,2020.0,914.0,0.0,0.0,3.0,1.5333328,52.0,42.0,1,1,0,68,68,14,28,40,26,42,10,4
1424.0,2020-10-22,2020-10-22,TRUMP,0.0,1.0,2020.0,5423.0,1.0,2.7999992,-1.0,0.0,51.2,44.0,1,1,0,68,68,14,28,40,26,42,10,4
1425.0,2020-10-22,2020-10-22,TRUMP,0.0,1.0,2020.0,1212.0,1.0,-4.0,3.0,0.0,54.0,43.0,1,1,0,68,68,14,28,40,26,42,10,4
1426.0,2020-10-22,2020-10-22,TRUMP,0.0,1.0,2020.0,1363.0,1.0,3.0,-3.0,0.0,50.0,46.0,1,1,0,68,68,14,28,40,26,42,10,4
